CCPA required,Index,category,sub category,Profit-nonprofit,companyWebsite,url
Government,60,HealthFitness,Diet,Government,choosemyplate.gov,https://www.myplate.gov/
Government,61,HealthFitness,Healthcare,Government,healthcare.gov,https://www.healthcare.gov/
Government,67,HealthFitness,Medical,Government,nih.gov,https://www.nih.gov/
Government,70,HealthFitness,Medical,Government,cdc.gov,https://www.cdc.gov/
Government,82,HealthFitness,OnlinePharmacies,Government,clinicaltrials.gov,https://clinicaltrials.gov/
Government,91,HealthFitness,WomensHealth,Government,womenshealth.gov,https://www.womenshealth.gov/
Government,393,ScienceMath,Astrology,Government,jpl.nasa.gov,https://www.jpl.nasa.gov/
Government,398,ScienceMath,Astrology,Government,apod.nasa.gov,https://apod.nasa.gov/apod/astropix.html
Government,399,ScienceMath,Biology,Government,ncbi.nlm.nih.gov,https://www.ncbi.nlm.nih.gov/
Government,409,ScienceMath,Biology,Government,genome.gov,https://www.genome.gov/
Government,410,ScienceMath,Biology,Government,ornl.gov,https://www.ornl.gov/
Government,416,ScienceMath,Biology,Government,ghr.nlm.nih.gov,https://medlineplus.gov/genetics/
Government,418,ScienceMath,Chemistry,non-profit,acs.org,https://www.acs.org/content/acs/en.html
Government,423,ScienceMath,Environmental,Government,noaa.gov,https://www.noaa.gov/
Government,424,ScienceMath,Environmental,Government,nps.gov,https://www.nps.gov/index.htm
Government,429,ScienceMath,Environmental,Government,energy.gov,https://www.energy.gov/
Government,431,ScienceMath,Environmental,Government,eia.gov,https://www.eia.gov/
Government,432,ScienceMath,Environmental,Government,fws.gov,https://fws.gov/
Government,442,ScienceMath,Engineering,Government,nasa.gov,https://www.nasa.gov/
Government,448,ScienceMath,Engineering,Government,osha.gov,https://www.osha.gov/
Government,458,ScienceMath,Engineering,Government,energystar.gov,https://www.energystar.gov/
Government,785,Automative,Aviation,Government,aviationweather.gov,https://aviationweather.gov/
Government,786,Automative,Aviation,Government,airforce.com,https://www.airforce.com/
Government,1057,Finance,Finance,Government,irs.gov,https://www.irs.gov/
Government,1058,Finance,Finance,Government,marketwatch.com,https://www.marketwatch.com/
Government,1081,Finance,Scholarship,Government,ed.gov,https://www.ed.gov/
Government,1083,Finance,Scholarship,Government,studentloans.gov,https://studentaid.gov/
Government,1084,Finance,Scholarship,non-profit,colleges.niche.com,https://www.niche.com/colleges/search/best-colleges/
Government,1085,Finance,Scholarship,Government,aessuccess.org,http://www.aessuccess.org/
non_profit,29,FoodBeverage,OnlineGroceryShopping,nonprofit,heb.com,https://www.heb.com/
non_profit,51,HealthFitness,Diet,nonprofit,livestrong.com,https://www.livestrong.com/
non_profit,63,HealthFitness,Healthcare,nonprofit,kaiserpermanente.org,https://healthy.kaiserpermanente.org/front-door
non_profit,68,HealthFitness,Medical,nonprofit,mayoclinic.org,https://www.mayoclinic.org/
non_profit,90,HealthFitness,WomensHealth,nonprofit,scarymommy.com,https://www.scarymommy.com/
non_profit,92,HealthFitness,WomensHealth,nonprofit,empowher.com,https://empowher.com/
non_profit,94,HealthFitness,WomensHealth,nonprofit,youngwomenshealth.org,https://youngwomenshealth.org/
non_profit,144,News Media,Conservative,nonprofit,theamericanconservative.com,https://www.theamericanconservative.com/
non_profit,174,News Media,Liberal,nonprofit,politifact.com,https://www.politifact.com/
non_profit,188,PeopleSociety,Crowdfunding,nonprofit,patreon.com,https://www.patreon.com/
non_profit,192,PetsAnimals,Birding,nonprofit,allaboutbirds.org,https://www.allaboutbirds.org/news/
non_profit,193,PetsAnimals,Birding,nonprofit,audubon.org,https://www.audubon.org/
non_profit,199,PetsAnimals,PetStores,nonprofit,petcarerx.com,https://www.petcarerx.com/
non_profit,201,PetsAnimals,Pet,nonprofit,akc.org,https://www.akc.org/
non_profit,202,PetsAnimals,Pet,nonprofit,iheartdogs.com,https://iheartdogs.com/
non_profit,212,PetsAnimals,Pet,nonprofit,peta.org,https://www.peta.org/
non_profit,222,Publishing,Book,nonprofit,cambridge.org,https://www.cambridge.org/
non_profit,236,Publishing,Book,nonprofit,jstor.org,https://www.jstor.org/
non_profit,246,Publishing,Ebook,nonprofit,wikibooks.org,https://www.wikibooks.org/
non_profit,251,Publishing,Ebook,nonprofit,gutenberg.org,https://gutenberg.org/
non_profit,254,Publishing,Ebook,nonprofit,openlibrary.org,https://openlibrary.org/
non_profit,272,Reference,BusinessListing,nonprofit,bbb.org,https://www.bbb.org/
non_profit,278,Reference,BusinessListing,Government,area-codes.com,https://www.area-codes.com/
non_profit,401,ScienceMath,Biology,non-profit,plos.org,https://plos.org/
non_profit,405,ScienceMath,Biology,non-profit,expasy.org,https://www.expasy.org/
non_profit,408,ScienceMath,Biology,non-profit,broadinstitute.org,https://www.broadinstitute.org/
non_profit,411,ScienceMath,Biology,non-profit,hhmi.org,https://www.hhmi.org/
non_profit,414,ScienceMath,Biology,non-profit,addgene.org,https://www.addgene.org/
non_profit,415,ScienceMath,Biology,non-profit,neb.com,https://www.neb.com/
non_profit,422,ScienceMath,Chemistry,non-profit,cas.org,https://www.cas.org/
non_profit,430,ScienceMath,Environmental,non-profit,ewg.org,https://www.ewg.org/
non_profit,434,ScienceMath,Environmental,non-profit,nature.org,https://www.nature.org/en-us/
non_profit,436,ScienceMath,Environmental,non-profit,sierraclub.org,https://www.sierraclub.org/
non_profit,437,ScienceMath,Environmental,non-profit,nwf.org,http://nwf.org/
non_profit,438,ScienceMath,Environmental,non-profit,worldwildlife.org,https://www.worldwildlife.org/
non_profit,441,ScienceMath,Environmental,non-profit,grist.org,https://grist.org/
non_profit,880,CareerEducation,Educational,non-profit,blackboard.com,https://www.blackboard.com/
non_profit,888,CareerEducation,Educational,non-profit,sparknotes.com,https://www.sparknotes.com/
non_profit,891,CareerEducation,Educational,non-profit,greatschools.org,https://www.greatschools.org/
non_profit,892,CareerEducation,Educational,non-profit,chegg.com,https://www.chegg.com/
non_profit,944,CareerEducation,OnlineLearning,non-profit,codecademy.com,https://www.codecademy.com/
non_profit,976,Entertainment,Music,non-profit,npr.org,https://www.npr.org/
non_profit,1067,Finance,Insurance,non-profit,bcbs.com,https://www.bcbs.com/
non_profit,1069,Finance,Insurance,non-profit,humana.com,https://www.humana.com/
non_profit,1074,Finance,Insurance,non-profit,farmers.com,https://www.farmers.com/
non_profit,1075,Finance,Insurance,non-profit,metlife.com,https://www.metlife.com/
non_profit,1078,Finance,Insurance,non-profit,esurance.com,https://www.esurance.com/
revenue_not_suff,1,FoodBeverage,Food,profit,thekitchn.com,https://www.thekitchn.com/
revenue_not_suff,2,FoodBeverage,Food,profit,food.com,https://www.food.com/
revenue_not_suff,3,FoodBeverage,Food,profit,sallysbakingaddiction.com,https://sallysbakingaddiction.com/
revenue_not_suff,5,FoodBeverage,Food,profit,seriouseats.com,https://www.seriouseats.com/
revenue_not_suff,6,FoodBeverage,Food,profit,epicurious.com,https://www.epicurious.com/
revenue_not_suff,9,FoodBeverage,Food,profit,myrecipes.com,https://www.myrecipes.com/
revenue_not_suff,11,FoodBeverage,Food,profit,tasteofhome.com,https://www.tasteofhome.com/
revenue_not_suff,12,FoodBeverage,Food,profit,delish.com,https://www.delish.com/
revenue_not_suff,15,FoodBeverage,Food,profit,thepioneerwoman.com,https://www.thepioneerwoman.com/
revenue_not_suff,23,FoodBeverage,FoodDelivery,profit,orderup.com,https://www.orderup.com.au/
revenue_not_suff,25,FoodBeverage,FoodDelivery,profit,beyondmenu.com,https://www.beyondmenu.com/
revenue_not_suff,35,FoodBeverage,Restaurants,profit,dominos.com,https://www.dominos.com/
revenue_not_suff,46,Gambling,Gambling,profit,flashscore.com,https://www.flashscore.com/
revenue_not_suff,50,Gambling,Gambling,profit,betradar.com,https://betradar.com/
revenue_not_suff,55,HealthFitness,Diet,profit,healthypage.com,https://healthypage.com/
revenue_not_suff,57,HealthFitness,Diet,profit,sparkpeople.com,https://www.sparkpeople.com/index.asp
revenue_not_suff,58,HealthFitness,Diet,profit,calorieking.com,https://www.calorieking.com/us/en/
revenue_not_suff,59,HealthFitness,Diet,profit,fooducate.com,https://www.calorieking.com/us/en/
revenue_not_suff,71,HealthFitness,Medical,profit,medscape.com,https://www.medscape.com/
revenue_not_suff,73,HealthFitness,Medical,profit,curejoy.com,https://curejoy.com/
revenue_not_suff,78,HealthFitness,OnlinePharmacies,profit,rxlist.com,https://www.rxlist.com/
revenue_not_suff,86,HealthFitness,WomensHealth,profit,mindbodygreen.com,https://www.mindbodygreen.com/
revenue_not_suff,87,HealthFitness,WomensHealth,profit,lifescript.com,https://www.everydayhealth.com/
revenue_not_suff,88,HealthFitness,WomensHealth,profit,shape.com,https://www.shape.com/
revenue_not_suff,93,HealthFitness,WomensHealth,profit,skinnyms.com,https://skinnyms.com/
revenue_not_suff,100,HomeGarden,BuyArtOnline,profit,allposters.com,https://www.allposters.com/
revenue_not_suff,101,HomeGarden,BuyArtOnline,profit,fineartamerica.com,https://fineartamerica.com/
revenue_not_suff,115,HomeGarden,Gardening,profit,gardeningknowhow.com,https://www.gardeningknowhow.com/
revenue_not_suff,117,HomeGarden,Gardening,profit,gardenweb.com,https://www.gardenweb.com/
revenue_not_suff,124,HomeGarden,HomeDecorating,profit,countryliving.com,https://www.countryliving.com/
revenue_not_suff,125,HomeGarden,HomeDecorating,profit,bhg.com,https://www.bhg.com/
revenue_not_suff,130,Leisure,Craft,profit,hobbylobby.com,https://www.hobbylobby.com/
revenue_not_suff,134,Leisure,Craft,profit,livinglocurto.com,https://www.livinglocurto.com/
revenue_not_suff,141,News Media,Conservative,profit,thehill.com,https://thehill.com/
revenue_not_suff,145,News Media,Conservative,profit,breitbart.com,https://www.breitbart.com/
revenue_not_suff,150,News Media,Conservative,profit,theblaze.com,https://www.theblaze.com/
revenue_not_suff,151,News Media,Conservative,profit,westernjournalism.com,https://www.westernjournal.com/
revenue_not_suff,156,News Media,Conservative,profit,washingtonexaminer.com,https://www.washingtonexaminer.com/
revenue_not_suff,161,News Media,Liberal,profit,slate.com,https://slate.com/
revenue_not_suff,162,News Media,Liberal,profit,rollingstone.com,https://www.rollingstone.com/
revenue_not_suff,164,News Media,Liberal,profit,dailykos.com,https://www.dailykos.com/
revenue_not_suff,168,News Media,Liberal,profit,rawstory.com,https://www.rawstory.com/
revenue_not_suff,170,News Media,Liberal,profit,salon.com,https://www.salon.com/
revenue_not_suff,173,News Media,Liberal,profit,alternet.org,https://www.alternet.org/
revenue_not_suff,175,News Media,Liberal,profit,credoaction.com,https://www.credoaction.com/
revenue_not_suff,176,News Media,Liberal,profit,thinkprogress.org,https://thinkprogress.org/
revenue_not_suff,180,News Media,Newspapers,profit,nydailynews.com,https://www.nydailynews.com/
revenue_not_suff,186,PeopleSociety,Crowdfunding,profit,kickstarter.com,https://www.kickstarter.com/
revenue_not_suff,203,PetsAnimals,Pet,profit,dogtime.com,https://dogtime.com/
revenue_not_suff,205,PetsAnimals,Pet,profit,petfinder.com,https://www.petfinder.com/
revenue_not_suff,207,PetsAnimals,Pet,profit,petmd.com,https://www.petmd.com/
revenue_not_suff,208,PetsAnimals,Pet,profit,adoptapet.com,https://www.adoptapet.com/
revenue_not_suff,209,PetsAnimals,Pet,profit,cesarsway.com,https://www.cesarsway.com/
revenue_not_suff,211,PetsAnimals,Pet,profit,dogbreedinfo.com,http://dogbreedinfo.com/
revenue_not_suff,213,PetsAnimals,Pet,profit,puppyfind.com,https://puppies.com/
revenue_not_suff,214,PetsAnimals,Pet,profit,backyardchickens.com,https://www.backyardchickens.com/
revenue_not_suff,215,PetsAnimals,Pet,profit,dogster.com,https://www.dogster.com/
revenue_not_suff,217,PetsAnimals,Pet,profit,thecatsite.com,https://thecatsite.com/
revenue_not_suff,218,PetsAnimals,Pet,profit,thedodo.com,https://www.thedodo.com/
revenue_not_suff,220,Publishing,Book,profit,ebrary.com,https://about.proquest.com/en/products-services/ebooks-main/
revenue_not_suff,228,Publishing,Book,profit,ebook3000.com,http://ebook3000.com/
revenue_not_suff,230,Publishing,Book,profit,springer.com,https://www.springer.com/us
revenue_not_suff,238,Publishing,BookReview,profit,publishersweekly.com,https://www.publishersweekly.com/
revenue_not_suff,239,Publishing,BookReview,profit,westeros.org,https://westeros.org/
revenue_not_suff,240,Publishing,BookReview,profit,nybooks.com,https://www.nybooks.com/
revenue_not_suff,241,Publishing,BookReview,profit,librarything.com,https://www.librarything.com/
revenue_not_suff,243,Publishing,BookReview,profit,ebookfriendly.com,https://ebookfriendly.com/
revenue_not_suff,248,Publishing,Ebook,profit,freemake.com,https://www.freemake.com/
revenue_not_suff,250,Publishing,Ebook,profit,bookbub.com,https://www.bookbub.com/welcome
revenue_not_suff,255,Publishing,Ebook,profit,openculture.com,https://openculture.com/
revenue_not_suff,257,Publishing,Textbook,profit,abebooks.com,https://www.abebooks.com/
revenue_not_suff,258,Publishing,Textbook,profit,safaribooksonline.com,https://www.oreilly.com/
revenue_not_suff,259,Publishing,Textbook,profit,bkstr.com,https://www.bkstr.com/efollettstore/home
revenue_not_suff,260,Publishing,Textbook,profit,vitalsource.com,https://www.vitalsource.com/
revenue_not_suff,262,Publishing,Textbook,profit,valorebooks.com,https://www.valorebooks.com/
revenue_not_suff,276,Reference,BusinessListing,profit,superpages.com,https://www.superpages.com/
revenue_not_suff,281,Reference,BusinessListing,profit,yell.com,https://www.yell.com/
revenue_not_suff,285,Retail,Classifieds,profit,quikr.com,https://www.quikr.com/
revenue_not_suff,287,Retail,Classifieds,profit,corotos.com.do,https://www.corotos.com.do/
revenue_not_suff,288,Retail,Classifieds,profit,expatriates.com,https://www.expatriates.com/
revenue_not_suff,290,Retail,Classifieds,profit,claz.org,https://claz.org/
revenue_not_suff,291,Retail,Classifieds,profit,hoobly.com,https://www.hoobly.com/s/us
revenue_not_suff,292,Retail,Classifieds,profit,bookoo.com,http://bookoo.com/
revenue_not_suff,299,Retail,Coupon,profit,ebates.com,https://www.rakuten.com/
revenue_not_suff,301,Retail,Coupon,profit,thekrazycouponlady.com,https://thekrazycouponlady.com/
revenue_not_suff,303,Retail,Coupon,profit,offers.com,https://www.offers.com/
revenue_not_suff,304,Retail,Coupon,profit,dealnews.com,https://www.dealnews.com/
revenue_not_suff,306,Retail,Coupon,profit,grabon.in,https://www.grabon.in/
revenue_not_suff,308,Retail,Coupon,profit,hotukdeals.com,https://www.hotukdeals.com/
revenue_not_suff,312,Retail,ComparisonShoping,profit,bizrate.com,https://www.bizrate.com/
revenue_not_suff,314,Retail,ComparisonShoping,profit,mysmartprice.com,https://www.mysmartprice.com/
revenue_not_suff,316,Retail,ComparisonShoping,profit,fatwallet.com,https://www.rakuten.com/
revenue_not_suff,317,Retail,ComparisonShoping,profit,smartprix.com,https://www.smartprix.com/
revenue_not_suff,318,Retail,ComparisonShoping,profit,shoplocal.com,https://shoplocal.com/?postalcode=60670
revenue_not_suff,319,Retail,ComparisonShoping,profit,mysimon.com,https://www.mysimon.com/
revenue_not_suff,320,Retail,ComparisonShoping,profit,bookfinder.com,https://www.bookfinder.com/
revenue_not_suff,322,Retail,ComparisonShoping,profit,nextag.com,https://www.nextag.com/
revenue_not_suff,331,Retail,Liquidation,profit,dx.com,https://www.dx.com/
revenue_not_suff,333,Retail,Liquidation,profit,dealspotr.com,https://dealspotr.com/
revenue_not_suff,334,Retail,Liquidation,profit,dollardays.com,https://www.dollardays.com/
revenue_not_suff,336,Retail,Liquidation,profit,salehoo.com,https://www.salehoo.com/
revenue_not_suff,337,Retail,Liquidation,profit,wholesalecentral.com,https://www.wholesalecentral.com/index.htm
revenue_not_suff,338,Retail,Liquidation,profit,doba.com,https://www.doba.com/
revenue_not_suff,340,Retail,Liquidation,profit,esources.co.uk,https://www.esources.co.uk/
revenue_not_suff,341,Retail,Liquidation,profit,sunsky-online.com,https://www.sunsky-online.com/
revenue_not_suff,342,Retail,Liquidation,profit,worldwidebrands.com,https://worldwidebrands.com/
revenue_not_suff,376,Retail,DepartmentStores,profit,saksfifthavenue.com,https://www.saksfifthavenue.com/
revenue_not_suff,380,ScienceMath,Astrology,profit,horoscope.com,https://www.horoscope.com/us/horoscopes/general/horoscope-general-daily-today.aspx?sign=1
revenue_not_suff,382,ScienceMath,Astrology,profit,astrology.com,https://www.astrology.com/us/home.aspx
revenue_not_suff,383,ScienceMath,Astrology,profit,astrologyanswers.com,https://www.astrologyanswers.com/
revenue_not_suff,384,ScienceMath,Astrology,profit,ganeshaspeaks.com,https://www.ganeshaspeaks.com/
revenue_not_suff,385,ScienceMath,Astrology,profit,cafeastrology.com,https://cafeastrology.com/
revenue_not_suff,386,ScienceMath,Astrology,profit,universetoday.com,https://www.universetoday.com/
revenue_not_suff,387,ScienceMath,Astrology,profit,tarot.com,https://www.tarot.com/
revenue_not_suff,388,ScienceMath,Astrology,profit,astro.com,https://www.astro.com/horoscope
revenue_not_suff,389,ScienceMath,Astrology,profit,astrosage.com,http://astrosage.com/
revenue_not_suff,391,ScienceMath,Astrology,profit,astrostyle.com,https://astrostyle.com/
revenue_not_suff,394,ScienceMath,Astrology,profit,windows2universe.org,https://windows2universe.org/
revenue_not_suff,395,ScienceMath,Astrology,profit,astrocenter.com,https://www.sunsigns.com/
revenue_not_suff,396,ScienceMath,Astrology,profit,earthsky.org,https://earthsky.org/
revenue_not_suff,403,ScienceMath,Biology,profit,innerbody.com,https://www.innerbody.com/
revenue_not_suff,406,ScienceMath,Biology,profit,biology-online.org,https://www.biologyonline.com/
revenue_not_suff,407,ScienceMath,Biology,profit,jbc.org,https://www.jbc.org/
revenue_not_suff,412,ScienceMath,Biology,profit,genecards.org,https://www.genecards.org/
revenue_not_suff,413,ScienceMath,Biology,profit,cshlp.org,http://cshlp.org/
revenue_not_suff,420,ScienceMath,Chemistry,profit,webqc.org,https://www.webqc.org/
revenue_not_suff,425,ScienceMath,Environmental,profit,livescience.com,https://www.livescience.com/
revenue_not_suff,428,ScienceMath,Environmental,profit,treehugger.com,https://www.treehugger.com/
revenue_not_suff,433,ScienceMath,Environmental,profit,inhabitat.com,https://inhabitat.com/page/3/
revenue_not_suff,435,ScienceMath,Environmental,profit,greenpeace.org,https://www.greenpeace.org/global/
revenue_not_suff,439,ScienceMath,Environmental,profit,arkive.org,https://icwb.com/one-life
revenue_not_suff,440,ScienceMath,Environmental,profit,motherearthnews.com,https://www.motherearthnews.com/
revenue_not_suff,446,ScienceMath,Engineering,profit,space.com,https://www.space.com/
revenue_not_suff,447,ScienceMath,Engineering,profit,popularmechanics.com,https://www.popularmechanics.com/
revenue_not_suff,449,ScienceMath,Engineering,profit,tenlinks.com,http://tenlinks.com/
revenue_not_suff,451,ScienceMath,Engineering,profit,alldatasheet.com,https://www.alldatasheet.com/
revenue_not_suff,452,ScienceMath,Engineering,profit,iso.org,https://www.iso.org/home.html
revenue_not_suff,459,ScienceMath,Engineering,profit,engineering.com,https://www.engineering.com/home
revenue_not_suff,460,ScienceMath,Math,profit,mathsisfun.com,https://mathsisfun.com/
revenue_not_suff,461,ScienceMath,Math,profit,rapidtables.com,https://www.rapidtables.com/
revenue_not_suff,462,ScienceMath,Math,profit,inverse.com,https://www.inverse.com/
revenue_not_suff,463,ScienceMath,Math,profit,asknumbers.com,https://www.asknumbers.com/
revenue_not_suff,465,ScienceMath,Math,profit,learner.org,https://www.learner.org/
revenue_not_suff,467,ScienceMath,Math,profit,convertunits.com,https://www.convertunits.com/
revenue_not_suff,469,ScienceMath,Math,profit,0calc.com,https://web2.0calc.com/
revenue_not_suff,470,ScienceMath,Math,profit,abcya.com,https://www.abcya.com/
revenue_not_suff,472,ScienceMath,Math,profit,metric-conversions.org,https://www.metric-conversions.org/
revenue_not_suff,473,ScienceMath,Math,profit,xkcd.com,https://xkcd.com/
revenue_not_suff,474,ScienceMath,Math,profit,purplemath.com,https://www.purplemath.com/
revenue_not_suff,477,ScienceMath,Math,profit,calculatorsoup.com,https://www.calculatorsoup.com/
revenue_not_suff,479,Sports,Basketbal,profit,basketball-reference.com,https://www.basketball-reference.com/
revenue_not_suff,480,Sports,Basketbal,profit,realgm.com,https://basketball.realgm.com/
revenue_not_suff,482,Sports,Basketbal,profit,cavsnation.com,https://cavsnation.com/
revenue_not_suff,483,Sports,Basketbal,profit,hoopshype.com,https://hoopshype.com/
revenue_not_suff,486,Sports,Football,profit,pro-football-reference.com,https://www.pro-football-reference.com/
revenue_not_suff,490,Sports,Football,profit,nflshop.com,https://www.nflshop.com/
revenue_not_suff,492,Sports,Runners,profit,runnersworld.com,https://www.runnersworld.com/
revenue_not_suff,495,Sports,Runners,profit,runsignup.com,https://runsignup.com/
revenue_not_suff,496,Sports,Runners,profit,competitor.com,https://www.competitor.com/
revenue_not_suff,497,Sports,Runners,profit,letsrun.com,https://www.letsrun.com/
revenue_not_suff,498,Sports,Runners,profit,mapmyrun.com,https://www.mapmyrun.com/
revenue_not_suff,500,Sports,Sports,profit,sports.yahoo.com,https://sports.yahoo.com/
revenue_not_suff,501,Sports,Sports,profit,90min.com,https://www.90min.com/
revenue_not_suff,505,Sports,Sports,profit,cbssports.com,https://www.cbssports.com/
revenue_not_suff,510,Telecommunication,CDNProviders,profit,level3.com,https://www.lumen.com/en-us/home.html
revenue_not_suff,512,Telecommunication,CDNProviders,profit,limelight.com,https://edg.io/
revenue_not_suff,513,Telecommunication,CDNProviders,profit,keycdn.com,https://www.keycdn.com/
revenue_not_suff,516,Telecommunication,CDNProviders,profit,getambassador.com,https://www.getambassador.com/
revenue_not_suff,522,Telecommunication,FreeEmailService,profit,protonmail.com,https://proton.me/mail
revenue_not_suff,527,Telecommunication,SearchEngines,profit,myway.com,https://hp.myway.com/myway/index.html
revenue_not_suff,533,Telecommunication,WebsiteBuilders,profit,wikidot.com,http://www.wikidot.com/
revenue_not_suff,535,Telecommunication,WebsiteBuilders,profit,tripod.com,https://www.tripod.lycos.com/
revenue_not_suff,536,Telecommunication,WebsiteBuilders,profit,ucoz.com,https://www.ucoz.com/#superFooter
revenue_not_suff,553,Travel,Airfare,profit,priceline.com,https://www.priceline.com/?vrid=5b0366966e01f115e8aa3a82cd601546
revenue_not_suff,558,Travel,Airfare,profit,bookingbuddy.com,https://www.bookingbuddy.com/en/
revenue_not_suff,561,Travel,Airfare,profit,cleartrip.com,https://www.cleartrip.com/
revenue_not_suff,564,Travel,Airfare,profit,airfarewatchdog.com,https://www.airfarewatchdog.com/
revenue_not_suff,565,Travel,Airfare,profit,seatguru.com,https://seatguru.com/
revenue_not_suff,566,Travel,Airfare,profit,onetravel.com,https://www.onetravel.com/
revenue_not_suff,568,Travel,HotelBooking,profit,hotelurbano.com,https://us.hurb.com/
revenue_not_suff,575,Travel,HotelBooking,profit,starwoodhotels.com,https://www.marriott.com/default.mi?redirectFrom=www.starwoodhotels.com
revenue_not_suff,581,Travel,TravelNews,profit,fodors.com,https://www.fodors.com/
revenue_not_suff,584,Travel,TravelNews,profit,oyster.com,https://www.oyster.com/
revenue_not_suff,585,Travel,TravelNews,profit,saveur.com,https://www.saveur.com/
revenue_not_suff,587,Travel,TravelNews,profit,boardingarea.com,https://boardingarea.com/
revenue_not_suff,588,Travel,TravelNews,profit,londonist.com,https://londonist.com/
revenue_not_suff,589,Travel,TravelNews,profit,flyertalk.com,https://www.flyertalk.com/
revenue_not_suff,591,Travel,TravelNews,profit,coastalliving.com,https://www.southernliving.com/travel/coastal-living
revenue_not_suff,592,Travel,TravelNews,profit,frommers.com,https://www.frommers.com/
revenue_not_suff,598,Electronics,Appliances,profit,keurig.com,https://www.keurig.com/
revenue_not_suff,603,Electronics,Appliances,profit,abt.com,https://www.abt.com/
revenue_not_suff,604,Electronics,Appliances,profit,bosch-home.com,https://www.bosch-home.com/
revenue_not_suff,605,Electronics,Appliances,profit,ajmadison.com,https://www.ajmadison.com/
revenue_not_suff,610,Electronics,ComputerParts,profit,tomshardware.com,https://www.tomshardware.com/
revenue_not_suff,617,Electronics,ComputerParts,profit,computerhope.com,https://www.computerhope.com/
revenue_not_suff,621,Electronics,ComputerParts,profit,pcpartpicker.com,https://pcpartpicker.com/
revenue_not_suff,627,Electronics,ComputerParts,profit,1ink.com,https://www.1ink.com/
revenue_not_suff,629,Electronics,ComputerSecuritySoftware,profit,norton.com,https://us.norton.com/
revenue_not_suff,632,Electronics,ComputerSecuritySoftware,profit,truste.com,https://trustarc.com/
revenue_not_suff,637,Electronics,ComputerSecuritySoftware,profit,symantec.com,https://www.broadcom.com/products/cybersecurity
revenue_not_suff,638,Electronics,ComputerSecuritySoftware,profit,opendns.com,https://www.opendns.com/
revenue_not_suff,640,Electronics,ComputerSecuritySoftware,profit,virustotal.com,https://www.virustotal.com/gui/home/upload
revenue_not_suff,643,Electronics,ComputerSecuritySoftware,profit,zonealarm.com,https://www.zonealarm.com/
revenue_not_suff,650,Electronics,SoftwareCompany,profit,utorrent.com,https://www.utorrent.com/
revenue_not_suff,652,Electronics,SoftwareCompany,profit,uptodown.com,https://en.uptodown.com/mac
revenue_not_suff,655,Electronics,SoftwareCompany,profit,steamcommunity.com,https://steamcommunity.com/
revenue_not_suff,657,Electronics,SoftwareCompany,profit,sourceforge.net,https://sourceforge.net/
revenue_not_suff,658,Electronics,SoftwareCompany,profit,office365.com,https://www.microsoft.com/en-us/microsoft-365?ms.url=office365com&rtc=1
revenue_not_suff,659,Electronics,SoftwareCompany,profit,filehippo.com,https://filehippo.com/
revenue_not_suff,662,Electronics,SoftwareCompany,profit,qiita.com,https://qiita.com/
revenue_not_suff,663,Electronics,SoftwareCompany,profit,telegram.org,https://telegram.org/
revenue_not_suff,664,Electronics,TechReview,profit,cnet.com,https://www.cnet.com/
revenue_not_suff,666,Electronics,TechReview,profit,theverge.com,https://www.theverge.com/
revenue_not_suff,667,Electronics,TechReview,profit,gsmarena.com,https://www.gsmarena.com/
revenue_not_suff,668,Electronics,TechReview,profit,pcmag.com,https://www.pcmag.com/
revenue_not_suff,669,Electronics,TechReview,profit,engadget.com,https://www.engadget.com/
revenue_not_suff,671,Electronics,TechReview,profit,imore.com,https://www.imore.com/
revenue_not_suff,674,Electronics,TechReview,profit,pcworld.com,https://www.pcworld.com/
revenue_not_suff,676,Electronics,TechReview,profit,trustedreviews.com,https://www.techadvisor.com/
revenue_not_suff,677,Electronics,TechReview,profit,toptenreviews.com,https://www.toptenreviews.com/
revenue_not_suff,678,Electronics,TechReview,profit,dpreview.com,https://www.dpreview.com/
revenue_not_suff,679,Electronics,TechReview,profit,zdnet.com,https://www.zdnet.com/
revenue_not_suff,680,Electronics,TechReview,profit,recode.net,https://www.vox.com/recode
revenue_not_suff,681,Electronics,TechReview,profit,boingboing.net,https://boingboing.net/
revenue_not_suff,682,Electronics,TechReview,profit,sammobile.com,https://www.sammobile.com/
revenue_not_suff,693,Apparel,Apparel,profit,womanwithin.com,https://www.womanwithin.com/
revenue_not_suff,695,Apparel,Apparel,profit,6pm.com,https://www.6pm.com/
revenue_not_suff,718,Apparel,Accessory,profit,jared.com,https://www.jared.com/
revenue_not_suff,720,Apparel,Accessory,profit,glassesusa.com,https://www.glassesusa.com/
revenue_not_suff,724,Apparel,Lingerie,profit,herroom.com,https://www.herroom.com/
revenue_not_suff,725,Apparel,Lingerie,profit,fredericks.com,https://www.fredericks.com/
revenue_not_suff,727,Apparel,Lingerie,profit,leonisa.com,https://www.leonisa.com/en/
revenue_not_suff,729,Apparel,Lingerie,profit,lingeriediva.com,https://www.lingeriediva.com/
revenue_not_suff,731,Apparel,Lingerie,profit,forplaycatalog.com,https://www.forplaycatalog.com/
revenue_not_suff,732,Apparel,Lingerie,profit,brastop.com,https://www.brastop.com/
revenue_not_suff,733,Apparel,Lingerie,profit,3wishes.com,https://www.3wishes.com/
revenue_not_suff,734,Apparel,Lingerie,profit,secretsinlace.com,https://www.secretsinlace.com/
revenue_not_suff,735,Apparel,Lingerie,profit,journelle.com,https://www.journelle.com/
revenue_not_suff,737,Apparel,Lingerie,profit,trashy.com,https://trashy.com/
revenue_not_suff,743,Apparel,MenClothing,profit,thetiebar.com,https://thetiebar.com/
revenue_not_suff,745,Apparel,MenClothing,profit,kingsizedirect.com,https://www.kingsize.com/
revenue_not_suff,746,Apparel,MenClothing,profit,ties.com,https://www.ties.com/
revenue_not_suff,747,Apparel,MenClothing,profit,paulfredrick.com,https://www.paulfredrick.com/
revenue_not_suff,748,Apparel,MenClothing,profit,perryellis.com,https://www.perryellis.com/
revenue_not_suff,753,Apparel,MenClothing,profit,paulevansny.com,https://www.paulevansny.com/
revenue_not_suff,754,Apparel,MenClothing,profit,sprezzabox.com,https://www.sprezzabox.com/
revenue_not_suff,756,Apparel,Shoe,profit,heels.com,https://www.heels.com/
revenue_not_suff,764,Apparel,Shoe,profit,kicksonfire.com,https://www.kicksonfire.com/
revenue_not_suff,770,Apparel,Sunglasses,profit,framesdirect.com,https://www.framesdirect.com/
revenue_not_suff,774,Apparel,Sunglasses,profit,coastal.com,https://www.eyebuydirect.com/
revenue_not_suff,775,Apparel,Sunglasses,profit,glasses.com,https://www.glasses.com/
revenue_not_suff,778,Apparel,Sunglasses,profit,totalicare.com,https://www.totalicare.com/
revenue_not_suff,779,Apparel,Sunglasses,profit,allynscura.com,https://allynscura.com/
revenue_not_suff,781,Automative,Aviation,profit,flightradar24.com,https://www.flightradar24.com/
revenue_not_suff,784,Automative,Aviation,profit,airliners.net,https://www.airliners.net/
revenue_not_suff,788,Automative,Aviation,profit,airnav.com,http://airnav.com/
revenue_not_suff,790,Automative,CarBuying,profit,kbb.com,https://www.kbb.com/
revenue_not_suff,800,Automative,CarBuying,profit,nadaguides.com,https://www.jdpower.com/cars
revenue_not_suff,801,Automative,CarBuying,profit,thecarconnection.com,https://www.thecarconnection.com/
revenue_not_suff,802,Automative,CarBuying,profit,carwale.com,https://www.carwale.com/
revenue_not_suff,803,Automative,CarBuying,profit,classiccars.com,https://classiccars.com/
revenue_not_suff,807,Automative,CarBuying,profit,hemmings.com,https://www.hemmings.com/
revenue_not_suff,822,Automative,CarBrands,profit,dodge.com,https://www.dodge.com/
revenue_not_suff,827,Automative,CarBrands,profit,gmc.com,https://www.gmc.com/
revenue_not_suff,829,Automative,Motorcycle,profit,vitalmx.com,https://www.vitalmx.com/
revenue_not_suff,830,Automative,Motorcycle,profit,cycletrader.com,https://www.cycletrader.com/
revenue_not_suff,832,Automative,Motorcycle,profit,zigwheels.com,https://www.zigwheels.com/
revenue_not_suff,833,Automative,BuyaBoat,profit,boatshop24.com,https://www.boatshop24.com/
revenue_not_suff,836,Automative,BuyaBoat,profit,yachtworld.com,https://www.yachtworld.com/
revenue_not_suff,840,Beauty,Beauty,profit,fragrantica.com,https://www.fragrantica.com/
revenue_not_suff,843,Beauty,Beauty,profit,minq.com,https://www.minq.com/
revenue_not_suff,845,Beauty,Beauty,profit,racked.com,https://www.racked.com/
revenue_not_suff,849,Beauty,Beauty,profit,herbeauty.co,https://herbeauty.co/en/
revenue_not_suff,851,Beauty,Beauty,profit,naturallycurly.com,https://www.naturallycurly.com/
revenue_not_suff,853,Beauty,Beauty,profit,totalbeauty.com,https://www.totalbeauty.com/
revenue_not_suff,856,Beauty,Beauty,profit,makeupalley.com,https://www.makeupalley.com/
revenue_not_suff,858,Beauty,Fashion,profit,cosmopolitan.com,https://www.cosmopolitan.com/
revenue_not_suff,859,Beauty,Fashion,profit,fashionbeans.com,https://www.fashionbeans.com/
revenue_not_suff,860,Beauty,Fashion,profit,elle.com,https://www.elle.com/
revenue_not_suff,861,Beauty,Fashion,profit,gq.com,https://www.gq.com/
revenue_not_suff,862,Beauty,Fashion,profit,marieclaire.com,https://www.marieclaire.com/
revenue_not_suff,863,Beauty,Fashion,profit,vogue.com,https://www.vogue.com/
revenue_not_suff,864,Beauty,Fashion,profit,stylebistro.com,https://stylebistro.com/
revenue_not_suff,867,Beauty,Fashion,profit,boldsky.com,https://www.boldsky.com/
revenue_not_suff,868,Beauty,Fashion,profit,glamour.com,https://www.glamour.com/
revenue_not_suff,870,Beauty,Fashion,profit,teenvogue.com,https://www.teenvogue.com/
revenue_not_suff,871,Beauty,Fashion,profit,stylecaster.com,https://stylecaster.com/
revenue_not_suff,872,Beauty,Fashion,profit,lifeandstylemag.com,https://www.lifeandstylemag.com/
revenue_not_suff,874,Beauty,Fashion,profit,allure.com,https://www.allure.com/
revenue_not_suff,877,CareerEducation,Educational,profit,quizlet.com,https://quizlet.com/
revenue_not_suff,878,CareerEducation,Educational,profit,w3schools.com,https://www.w3schools.com/
revenue_not_suff,881,CareerEducation,Educational,profit,tutorialspoint.com,https://www.tutorialspoint.com/index.htm
revenue_not_suff,889,CareerEducation,Educational,profit,academia.edu,https://www.academia.edu/
revenue_not_suff,893,CareerEducation,Educational,profit,enotes.com,https://www.enotes.com/
revenue_not_suff,894,CareerEducation,Educational,profit,education.com,https://www.education.com/
revenue_not_suff,896,CareerEducation,Educational,profit,lynda.com,https://www.linkedin.com/learning/?trk=lynda_redirect_learning
revenue_not_suff,900,CareerEducation,Freelance,profit,dribbble.com,https://dribbble.com/
revenue_not_suff,902,CareerEducation,Freelance,profit,justanswer.com,https://www.justanswer.com/
revenue_not_suff,903,CareerEducation,Freelance,profit,peopleperhour.com,https://www.peopleperhour.com/
revenue_not_suff,905,CareerEducation,Freelance,profit,mturk.com,https://www.mturk.com/
revenue_not_suff,907,CareerEducation,Freelance,profit,guru.com,https://www.guru.com/
revenue_not_suff,908,CareerEducation,Freelance,profit,flexjobs.com,https://www.flexjobs.com/
revenue_not_suff,909,CareerEducation,Freelance,profit,designcrowd.com,https://www.designcrowd.com/
revenue_not_suff,910,CareerEducation,Freelance,profit,seoclerks.com,https://www.seoclerks.com/
revenue_not_suff,911,CareerEducation,Freelance,profit,topcoder.com,https://www.topcoder.com/
revenue_not_suff,912,CareerEducation,Freelance,profit,microworkers.com,https://www.microworkers.com/
revenue_not_suff,913,CareerEducation,Freelance,profit,coroflot.com,https://www.coroflot.com/
revenue_not_suff,914,CareerEducation,Freelance,profit,airpair.com,https://www.airpair.com/
revenue_not_suff,915,CareerEducation,Freelance,profit,weworkremotely.com,https://weworkremotely.com/
revenue_not_suff,916,CareerEducation,Freelance,profit,textbroker.com,https://www.textbroker.com/best-content-writing-service
revenue_not_suff,923,CareerEducation,JobSearch,profit,freejobalert.com,https://www.freejobalert.com/
revenue_not_suff,930,CareerEducation,JobSearch,profit,jobrapido.com,https://us.jobrapido.com/
revenue_not_suff,933,CareerEducation,JobSearch,profit,governmentjobs.com,https://www.governmentjobs.com/
revenue_not_suff,934,CareerEducation,JobSearch,profit,livecareer.com,https://www.livecareer.com/
revenue_not_suff,935,CareerEducation,JobSearch,profit,geeksforgeeks.org,https://www.geeksforgeeks.org/
revenue_not_suff,936,CareerEducation,OnlineLearning,profit,stackexchange.com,https://stackexchange.com/
revenue_not_suff,937,CareerEducation,OnlineLearning,profit,instructables.com,https://www.instructables.com/
revenue_not_suff,940,CareerEducation,OnlineLearning,profit,howstuffworks.com,https://www.howstuffworks.com/
revenue_not_suff,947,CareerEducation,OnlineLearning,profit,wonderhowto.com,https://www.wonderhowto.com/
revenue_not_suff,948,CareerEducation,OnlineLearning,profit,doityourself.com,https://www.doityourself.com/
revenue_not_suff,950,CareerEducation,OnlineLearning,profit,memrise.com,https://www.memrise.com/
revenue_not_suff,951,CareerEducation,OnlineLearning,profit,bigthink.com,https://bigthink.com/
revenue_not_suff,953,CareerEducation,OnlineLearning,profit,alison.com,https://alison.com/
revenue_not_suff,954,CareerEducation,OnlineLearning,profit,tympanus.net,https://tympanus.net/codrops/
revenue_not_suff,965,Entertainment,Entertainment,profit,azlyrics.com,https://www.azlyrics.com/
revenue_not_suff,968,Entertainment,Entertainment,profit,deviantart.com,https://www.deviantart.com/
revenue_not_suff,971,Entertainment,Entertainment,profit,foodnetwork.com,https://www.foodnetwork.com/
revenue_not_suff,973,Entertainment,Entertainment,profit,genius.com,https://genius.com/
revenue_not_suff,975,Entertainment,Music,profit,gfycat.com,https://gfycat.com/
revenue_not_suff,977,Entertainment,Music,profit,billboard.com,https://www.billboard.com/
revenue_not_suff,978,Entertainment,Music,profit,allmusic.com,https://www.allmusic.com/
revenue_not_suff,979,Entertainment,Music,profit,discogs.com,https://www.discogs.com/
revenue_not_suff,980,Entertainment,Music,profit,bandcamp.com,https://bandcamp.com/
revenue_not_suff,981,Entertainment,Music,profit,pitchfork.com,https://pitchfork.com/
revenue_not_suff,982,Entertainment,Music,profit,last.fm,https://www.last.fm/
revenue_not_suff,985,Entertainment,Music,profit,lyricsfreak.com,https://www.lyricsfreak.com/
revenue_not_suff,986,Entertainment,TicketBrokers,profit,fandango.com,https://www.fandango.com/
revenue_not_suff,998,Entertainment,TicketBrokers,profit,broadway.com,https://www.broadway.com/
revenue_not_suff,999,Entertainment,TicketBrokers,profit,cirquedusoleil.com,https://www.cirquedusoleil.com/
revenue_not_suff,1006,Entertainment,StockPhoto,profit,pixabay.com,https://pixabay.com/
revenue_not_suff,1008,Entertainment,StockPhoto,profit,123rf.com,https://www.123rf.com/
revenue_not_suff,1010,Entertainment,StockPhoto,profit,dreamstime.com,https://www.dreamstime.com/
revenue_not_suff,1013,Entertainment,StockPhoto,profit,500px.com,https://500px.com/
revenue_not_suff,1014,Entertainment,StockPhoto,profit,creativemarket.com,https://creativemarket.com/
revenue_not_suff,1023,Finance,BusinessNews,profit,entrepreneur.com,https://www.entrepreneur.com/
revenue_not_suff,1024,Finance,BusinessNews,profit,ibtimes.com,https://www.ibtimes.com/
revenue_not_suff,1028,Finance,BusinessNews,profit,inc.com,https://www.inc.com/
revenue_not_suff,1034,Finance,BusinessNews,profit,business-standard.com,https://www.business-standard.com/
revenue_not_suff,1088,Finance,Scholarship,profit,collegenet.com,https://collegenet.com/
subjected,4,FoodBeverage,Food,profit,plated.com,https://www.safeway.com/
subjected,7,FoodBeverage,Food,profit,eater.com,https://www.eater.com/
subjected,16,FoodBeverage,Food,profit,bonappetit.com,https://www.bonappetit.com/
subjected,17,FoodBeverage,FoodDelivery,profit,grubhub.com,https://www.grubhub.com/
subjected,18,FoodBeverage,FoodDelivery,profit,eat24hours.com,https://www.grubhub.com/?utm_source=eat24hours.com&utm_medium=grubhub-owned-delivery-properties&utm_campaign=growth_redirect-eat24-legacy_201811&utm_content=nopromo_
subjected,19,FoodBeverage,FoodDelivery,profit,seamless.com,https://www.seamless.com/
subjected,20,FoodBeverage,FoodDelivery,profit,delivery.com,https://www.delivery.com/
subjected,21,FoodBeverage,FoodDelivery,profit,postmates.com,https://postmates.com/
subjected,22,FoodBeverage,FoodDelivery,profit,doordash.com,https://www.doordash.com/
subjected,24,FoodBeverage,FoodDelivery,profit,trycaviar.com,https://www.trycaviar.com/
subjected,30,FoodBeverage,OnlineGroceryShopping,profit,blueapron.com,http://lueapron.com/
subjected,31,FoodBeverage,OnlineGroceryShopping,profit,berries.com,https://www.berries.com/
subjected,32,FoodBeverage,OnlineGroceryShopping,profit,harryanddavid.com,https://www.harryanddavid.com/
subjected,34,FoodBeverage,OnlineGroceryShopping,profit,albertsons.com,https://www.albertsons.com/
subjected,36,FoodBeverage,Restaurants,profit,starbucks.com,https://www.starbucks.com/
subjected,37,FoodBeverage,Restaurants,profit,papajohns.com,https://www.papajohns.com/
subjected,38,FoodBeverage,Restaurants,profit,pizzahut.com,https://www.pizzahut.com/
subjected,39,FoodBeverage,Restaurants,profit,mcdonalds.com,https://www.mcdonalds.com/us/en-us.html
subjected,40,FoodBeverage,Restaurants,profit,subway.com,https://order.subway.com/en-US
subjected,41,FoodBeverage,Restaurants,profit,olivegarden.com,https://www.olivegarden.com/home
subjected,42,FoodBeverage,Restaurants,profit,panerabread.com,https://www.panerabread.com/en-us/home.html
subjected,43,FoodBeverage,Restaurants,profit,jimmyjohns.com,https://www.jimmyjohns.com/
subjected,44,FoodBeverage,Restaurants,profit,tacobell.com,https://www.tacobell.com/
subjected,49,Gambling,Gambling,profit,williamhill.com,https://www.williamhill.com/us/il/bet/
subjected,52,HealthFitness,Diet,profit,myfitnesspal.com,https://www.myfitnesspal.com/
subjected,53,HealthFitness,Diet,profit,authoritynutrition.com,https://www.healthline.com/
subjected,54,HealthFitness,Diet,profit,weightwatchers.com,https://www.weightwatchers.com/us/welcome
subjected,56,HealthFitness,Diet,profit,nutrisystem.com,https://www.nutrisystem.com/
subjected,62,HealthFitness,Healthcare,profit,healthgrades.com,https://www.healthgrades.com/
subjected,64,HealthFitness,Healthcare,profit,questdiagnostics.com,https://www.questdiagnostics.com/
subjected,65,HealthFitness,Healthcare,profit,zocdoc.com,https://www.zocdoc.com/
subjected,66,HealthFitness,Medical,profit,webmd.com,https://www.webmd.com/
subjected,69,HealthFitness,Medical,profit,medicinenet.com,https://www.medicinenet.com/
subjected,74,HealthFitness,Medical,profit,everydayhealth.com,https://www.everydayhealth.com/
subjected,76,HealthFitness,OnlinePharmacies,profit,walgreens.com,https://www.walgreens.com/
subjected,77,HealthFitness,OnlinePharmacies,profit,cvs.com,https://www.cvs.com/
subjected,80,HealthFitness,OnlinePharmacies,profit,riteaid.com,https://www.riteaid.com/
subjected,81,HealthFitness,OnlinePharmacies,profit,express-scripts.com,https://www.express-scripts.com/
subjected,83,HealthFitness,OnlinePharmacies,profit,optumrx.com,https://www.optumrx.com/public/landing
subjected,85,HealthFitness,WomensHealth,profit,womenshealthmag.com,https://www.womenshealthmag.com/
subjected,89,HealthFitness,WomensHealth,profit,mom365.com,https://www.mom365.com/
subjected,98,HomeGarden,BuyArtOnline,profit,1stdibs.com,https://www.1stdibs.com/
subjected,99,HomeGarden,BuyArtOnline,profit,society6.com,https://society6.com/
subjected,102,HomeGarden,BuyArtOnline,profit,artsy.net,https://www.artsy.net/
subjected,103,HomeGarden,BuyArtOnline,profit,art.com,https://www.art.com/
subjected,104,HomeGarden,BuyArtOnline,profit,saatchiart.com,https://www.saatchiart.com/
subjected,106,HomeGarden,Furniture,profit,wayfair.com,https://www.wayfair.com/
subjected,107,HomeGarden,Furniture,profit,potterybarn.com,https://www.potterybarn.com/
subjected,108,HomeGarden,Furniture,profit,la-z-boy.com,https://www.la-z-boy.com/
subjected,109,HomeGarden,Furniture,profit,pier1.com,https://www.pier1.com/
subjected,111,HomeGarden,Furniture,profit,worldmarket.com,https://www.worldmarket.com/
subjected,112,HomeGarden,Furniture,profit,ashleyfurniturehomestore.com,https://www.ashleyfurniture.com/
subjected,113,HomeGarden,Furniture,profit,sleepnumber.com,https://www.sleepnumber.com/
subjected,114,HomeGarden,Furniture,profit,anthropologie.com,https://www.anthropologie.com/
subjected,118,HomeGarden,Gardening,profit,gardeners.com,https://www.gardeners.com/
subjected,119,HomeGarden,HomeDecorating,profit,houzz.com,https://www.houzz.com/
subjected,120,HomeGarden,HomeDecorating,profit,hgtv.com,https://www.hgtv.com/
subjected,121,HomeGarden,HomeDecorating,profit,apartmenttherapy.com,https://www.apartmenttherapy.com/
subjected,123,HomeGarden,HomeDecorating,profit,marthastewart.com,https://www.marthastewart.com/
subjected,126,HomeGarden,HomeDecorating,profit,curbed.com,https://www.curbed.com/
subjected,127,Leisure,Craft,profit,michaels.com,https://www.michaels.com/
subjected,131,Leisure,Craft,profit,joann.com,https://www.joann.com/
subjected,132,Leisure,Craft,profit,craftsy.com,https://www.craftsy.com/
subjected,135,Management,OfficeSupply,profit,officedepot.com,https://www.officedepot.com/
subjected,136,Management,OfficeSupply,profit,staples.com,https://www.staples.com/
subjected,137,Management,OfficeSupply,profit,vistaprint.com,https://www.vistaprint.com/
subjected,138,Management,OfficeSupply,profit,uline.com,https://www.uline.com/
subjected,139,Management,OfficeSupply,profit,avery.com,https://www.avery.com/
subjected,142,News Media,Conservative,profit,dailywire.com,https://www.dailywire.com/
subjected,146,News Media,Conservative,profit,wsj.com,https://www.wsj.com/
subjected,148,News Media,Conservative,profit,dailycaller.com,https://dailycaller.com/
subjected,149,News Media,Conservative,profit,nypost.com,https://nypost.com/
subjected,152,News Media,Conservative,profit,theweek.com,https://theweek.com/
subjected,153,News Media,Conservative,profit,washingtontimes.com,https://www.washingtontimes.com/
subjected,154,News Media,Conservative,profit,infowars.com,https://www.infowars.com/
subjected,158,News Media,Liberal,profit,huffingtonpost.com,https://www.huffpost.com/
subjected,159,News Media,Liberal,profit,nytimes.com,https://www.nytimes.com/
subjected,160,News Media,Liberal,profit,politico.com,https://www.politico.com/
subjected,163,News Media,Liberal,profit,abcnews.go.com,https://abcnews.go.com/
subjected,165,News Media,Liberal,profit,washingtonpost.com,https://www.washingtonpost.com/
subjected,166,News Media,Liberal,profit,time.com,https://time.com/
subjected,167,News Media,Liberal,profit,theatlantic.com,https://www.theatlantic.com/
subjected,169,News Media,Liberal,profit,nbcnews.com,https://www.nbcnews.com/
subjected,171,News Media,Liberal,profit,newyorker.com,https://www.newyorker.com/
subjected,172,News Media,Liberal,profit,thedailybeast.com,https://www.thedailybeast.com/
subjected,178,News Media,Newspapers,profit,dailymail.co.uk,https://www.dailymail.co.uk/ushome/index.html
subjected,182,News Media,Newspapers,profit,usatoday.com,https://www.usatoday.com/
subjected,184,News Media,Newspapers,profit,latimes.com,https://www.latimes.com/
subjected,187,PeopleSociety,Crowdfunding,profit,gofundme.com,https://www.gofundme.com/
subjected,190,PeopleSociety,Crowdfunding,profit,lendingclub.com,https://www.lendingclub.com/
subjected,191,PeopleSociety,Crowdfunding,profit,justgiving.com,https://justgiving.com/
subjected,196,PetsAnimals,PetStores,profit,chewy.com,https://www.chewy.com/
subjected,197,PetsAnimals,PetStores,profit,1800petmeds.com,https://www.1800petmeds.com/
subjected,198,PetsAnimals,PetStores,profit,hillspet.com,https://www.hillspet.com/
subjected,200,PetsAnimals,PetStores,profit,petsuppliesplus.com,https://www.petsuppliesplus.com/
subjected,204,PetsAnimals,Pet,profit,petsmart.com,https://www.petsmart.com/
subjected,206,PetsAnimals,Pet,profit,petco.com,https://www.petco.com/shop/en/petcostore
subjected,210,PetsAnimals,Pet,profit,vetstreet.com,https://www.vetstreet.com/
subjected,219,Publishing,Book,profit,amazon.com,https://www.amazon.com/
subjected,221,Publishing,Book,profit,goodreads.com,https://www.goodreads.com/
subjected,223,Publishing,Book,profit,overstock.com,https://www.overstock.com/
subjected,224,Publishing,Book,profit,scribd.com,https://www.scribd.com/
subjected,225,Publishing,Book,profit,barnesandnoble.com,https://www.barnesandnoble.com/
subjected,227,Publishing,Book,profit,wiley.com,https://www.wiley.com/en-us
subjected,229,Publishing,Book,profit,hmhco.com,https://www.hmhco.com/
subjected,231,Publishing,Book,profit,issuu.com,https://issuu.com/
subjected,232,Publishing,Book,profit,audible.com,https://www.audible.com/
subjected,235,Publishing,Book,profit,scholastic.com,https://www.scholastic.com/home
subjected,242,Publishing,BookReview,profit,kirkusreviews.com,https://www.kirkusreviews.com/
subjected,247,Publishing,Ebook,profit,overdrive.com,https://www.overdrive.com/
subjected,249,Publishing,Ebook,profit,bookdepository.com,https://www.bookdepository.com/
subjected,253,Publishing,Ebook,profit,calibre-ebook.com,https://calibre-ebook.com/
subjected,261,Publishing,Textbook,profit,cengagebrain.com,https://www.cengage.com/
subjected,264,Reference,BusinessListing,profit,facebook.com,https://www.facebook.com/
subjected,265,Reference,BusinessListing,profit,twitter.com,https://twitter.com/
subjected,268,Reference,BusinessListing,profit,yelp.com,https://www.yelp.com/
subjected,269,Reference,BusinessListing,profit,yellowpages.com,https://www.yellowpages.com/
subjected,270,Reference,BusinessListing,profit,whitepages.com,https://www.whitepages.com/
subjected,271,Reference,BusinessListing,profit,foursquare.com,https://foursquare.com/
subjected,273,Reference,BusinessListing,profit,manta.com,https://www.manta.com/
subjected,274,Reference,BusinessListing,profit,angieslist.com,https://www.angi.com/
subjected,275,Reference,BusinessListing,profit,homeadvisor.com,https://www.homeadvisor.com/
subjected,277,Reference,BusinessListing,profit,thumbtack.com,https://www.thumbtack.com/
subjected,282,Retail,Classifieds,profit,craigslist.org,https://chicago.craigslist.org/
subjected,293,Retail,Classifieds,profit,elclasificado.com,https://elclasificado.com/
subjected,294,Retail,Coupon,profit,groupon.com,https://www.groupon.com/
subjected,295,Retail,Coupon,profit,slickdeals.net,https://slickdeals.net/
subjected,296,Retail,Coupon,profit,retailmenot.com,https://www.retailmenot.com/
subjected,298,Retail,Coupon,profit,coupons.com,https://www.coupons.com/
subjected,305,Retail,Coupon,profit,woot.com,https://www.woot.com/
subjected,307,Retail,Coupon,profit,goodrx.com,https://www.goodrx.com/
subjected,310,Retail,Coupon,profit,livingsocial.com,https://www.livingsocial.com/
subjected,321,Retail,ComparisonShoping,profit,shop.com,https://www.shop.com/
subjected,323,Retail,ComparisonShoping,profit,shopping.com,https://www.shopping.com/#top-deals-homepage
subjected,330,Retail,Liquidation,profit,made-in-china.com,https://www.made-in-china.com/
subjected,332,Retail,Liquidation,profit,tomtop.com,https://www.tomtop.com/
subjected,335,Retail,Liquidation,profit,liquidation.com,https://www.liquidation.com/index
subjected,339,Retail,Liquidation,profit,tvc-mall.com,https://www.tvc-mall.com/
subjected,344,Retail,OnlineShopping,profit,ebay.com,https://www.ebay.com/
subjected,345,Retail,OnlineShopping,profit,apple.com,https://www.apple.com/
subjected,346,Retail,OnlineShopping,profit,walmart.com,https://www.walmart.com/
subjected,349,Retail,OnlineShopping,profit,aliexpress.com,https://www.aliexpress.us/?gatewayAdapt=glo2usa&_randl_shipto=US
subjected,350,Retail,OnlineShopping,profit,diy.com,https://www.diy.com/
subjected,352,Retail,OnlineShopping,profit,target.com,https://www.target.com/
subjected,353,Retail,OnlineShopping,profit,homedepot.com,https://www.homedepot.com/
subjected,355,Retail,OnlineShopping,profit,alibaba.com,https://www.alibaba.com/
subjected,357,Retail,OnlineShopping,profit,macys.com,https://www.macys.com/
subjected,359,Retail,OnlineShopping,profit,lowes.com,https://www.lowes.com/
subjected,361,Retail,OnlineShopping,profit,flipkart.com,https://www.flipkart.com/
subjected,362,Retail,OnlineShopping,profit,microsoftstore.com,https://www.microsoft.com/en-us/store/b/sale?rtc=1
subjected,364,Retail,DepartmentStores,profit,kohls.com,https://www.kohls.com/
subjected,365,Retail,DepartmentStores,profit,jcpenney.com,https://www.jcpenney.com/
subjected,366,Retail,DepartmentStores,profit,sears.com,https://www.sears.com/
subjected,367,Retail,DepartmentStores,profit,dickssportinggoods.com,https://www.dickssportinggoods.com/
subjected,368,Retail,DepartmentStores,profit,cabelas.com,https://www.cabelas.com/shop/en#
subjected,371,Retail,DepartmentStores,profit,dillards.com,https://www.dillards.com/
subjected,372,Retail,DepartmentStores,profit,bloomingdales.com,https://www.bloomingdales.com/
subjected,373,Retail,DepartmentStores,profit,neimanmarcus.com,https://www.neimanmarcus.com/
subjected,374,Retail,DepartmentStores,profit,hsn.com,https://www.hsn.com/
subjected,375,Retail,DepartmentStores,profit,biglots.com,https://www.biglots.com/
subjected,377,Retail,DepartmentStores,profit,belk.com,https://www.belk.com/
subjected,378,Retail,DepartmentStores,profit,burlingtoncoatfactory.com,https://www.burlington.com/
subjected,379,Retail,DepartmentStores,profit,lordandtaylor.com,https://lordandtaylor.com/
subjected,400,ScienceMath,Biology,profit,nature.com,https://www.nature.com/
subjected,404,ScienceMath,Biology,profit,cell.com,https://www.cell.com/
subjected,426,ScienceMath,Environmental,profit,nature.com,https://www.nature.com/
subjected,445,ScienceMath,Engineering,profit,autodesk.com,https://www.autodesk.com/
subjected,450,ScienceMath,Engineering,profit,technologyreview.com,https://www.technologyreview.com/
subjected,453,ScienceMath,Engineering,profit,globalspec.com,https://www.globalspec.com/
subjected,456,ScienceMath,Engineering,profit,allaboutcircuits.com,https://www.allaboutcircuits.com/
subjected,457,ScienceMath,Engineering,profit,solidworks.com,https://www.solidworks.com/
subjected,466,ScienceMath,Math,profit,mathworks.com,https://www.mathworks.com/
subjected,468,ScienceMath,Math,profit,ixl.com,https://www.ixl.com/
subjected,471,ScienceMath,Math,profit,wolfram.com,https://www.wolfram.com/
subjected,478,Sports,Basketbal,profit,nba.com,https://www.nba.com/
subjected,481,Sports,Basketbal,profit,clutchpoints.com,https://clutchpoints.com/
subjected,485,Sports,Football,profit,nfl.com,https://www.nfl.com/
subjected,488,Sports,Football,profit,patriots.com,https://www.patriots.com/
subjected,489,Sports,Football,profit,dallascowboys.com,https://www.dallascowboys.com/
subjected,491,Sports,Runners,profit,strava.com,https://www.strava.com/
subjected,493,Sports,Runners,profit,active.com,https://www.active.com/
subjected,499,Sports,Sports,profit,espn.com,https://www.espn.com/
subjected,502,Sports,Sports,profit,si.com,https://www.si.com/
subjected,503,Sports,Sports,profit,mlb.com,https://www.mlb.com/
subjected,506,Sports,Sports,profit,skihood.com,https://skihood.com/
subjected,507,Sports,Sports,profit,sbnation.com,https://www.sbnation.com/
subjected,508,Telecommunication,CDNProviders,profit,cloudflare.com,https://www.cloudflare.com/
subjected,509,Telecommunication,CDNProviders,profit,akamai.com,https://www.akamai.com/
subjected,511,Telecommunication,CDNProviders,profit,liquidweb.com,https://www.liquidweb.com/
subjected,514,Telecommunication,CDNProviders,profit,equinix.com,https://www.equinix.com/
subjected,517,Telecommunication,CDNProviders,profit,aws.amazon.com,https://aws.amazon.com/?aws-products-all.sort-by=item.additionalFields.productNameLowercase&aws-products-all.sort-order=asc&awsf.re%3AInvent=*all&awsf.Free%20Tier%20Type=*all&awsf.tech-category=*all
subjected,519,Telecommunication,FreeEmailService,profit,icloud.com,https://www.icloud.com/
subjected,520,Telecommunication,FreeEmailService,profit,zoho.com,https://www.zoho.com/
subjected,521,Telecommunication,FreeEmailService,profit,inbox.com,http://www.inbox.com/tech/
subjected,523,Telecommunication,SearchEngines,profit,google.com,https://www.google.com/
subjected,524,Telecommunication,SearchEngines,profit,yahoo.com,https://www.yahoo.com/
subjected,525,Telecommunication,SearchEngines,profit,bing.com,https://www.bing.com/?toWww=1&redig=8625D14D06664A41A50493BB87348445
subjected,526,Telecommunication,SearchEngines,profit,ask.com,https://www.ask.com/
subjected,528,Telecommunication,WebsiteBuilders,profit,weebly.com,https://www.weebly.com/
subjected,530,Telecommunication,WebsiteBuilders,profit,squarespace.com,https://www.squarespace.com/
subjected,532,Telecommunication,WebsiteBuilders,profit,smugmug.com,https://www.smugmug.com/
subjected,534,Telecommunication,WebsiteBuilders,profit,webs.com,https://www.webs.com/
subjected,537,Travel,Airline,profit,southwest.com,https://www.southwest.com/
subjected,538,Travel,Airline,profit,aa.com,https://www.aa.com/homePage.do
subjected,539,Travel,Airline,profit,united.com,https://www.united.com/en/us
subjected,540,Travel,Airline,profit,delta.com,https://www.delta.com/
subjected,542,Travel,Airline,profit,jetblue.com,https://www.jetblue.com/
subjected,544,Travel,Airline,profit,spirit.com,https://www.spirit.com/
subjected,546,Travel,Airline,profit,qatarairways.com,https://www.qatarairways.com/en-us/homepage.html
subjected,547,Travel,Airline,profit,britishairways.com,https://www.britishairways.com/travel/home/public/en_us/
subjected,548,Travel,Airline,profit,alaskaair.com,https://www.alaskaair.com/
subjected,550,Travel,Airline,profit,lufthansa.com,https://www.lufthansa.com/us/en/homepage
subjected,551,Travel,Airfare,profit,tripadvisor.com,https://www.tripadvisor.com/
subjected,552,Travel,Airfare,profit,kayak.com,https://www.kayak.com/
subjected,554,Travel,Airfare,profit,lonelyplanet.com,https://www.lonelyplanet.com/
subjected,555,Travel,Airfare,profit,skyscanner.net,https://www.skyscanner.com/?previousCultureSource=GEO_LOCATION&redirectedFrom=www.skyscanner.net
subjected,556,Travel,Airfare,profit,hotwire.com,https://www.hotwire.com/
subjected,557,Travel,Airfare,profit,cheapoair.com,https://www.cheapoair.com/
subjected,559,Travel,Airfare,profit,travelzoo.com,https://www.travelzoo.com/
subjected,560,Travel,Airfare,profit,goibibo.com,https://www.goibibo.com/
subjected,569,Travel,HotelBooking,profit,airbnb.com,https://www.airbnb.com/
subjected,570,Travel,HotelBooking,profit,marriott.com,https://www.marriott.com/default.mi
subjected,571,Travel,HotelBooking,profit,hilton.com,https://www.hilton.com/en/
subjected,572,Travel,HotelBooking,profit,ihg.com,https://www.ihg.com/hotels/us/en/reservation
subjected,573,Travel,HotelBooking,profit,vrbo.com,https://www.vrbo.com/
subjected,576,Travel,HotelBooking,profit,choicehotels.com,https://www.choicehotels.com/
subjected,577,Travel,HotelBooking,profit,hyatt.com,https://www.hyatt.com/
subjected,578,Travel,HotelBooking,profit,trivago.com,https://www.trivago.com/
subjected,579,Travel,TravelNews,profit,thrillist.com,https://www.thrillist.com/
subjected,582,Travel,TravelNews,profit,travelandleisure.com,https://www.travelandleisure.com/
subjected,583,Travel,TravelNews,profit,travelchannel.com,https://www.travelchannel.com/
subjected,586,Travel,TravelNews,profit,cntraveler.com,https://www.cntraveler.com/
subjected,590,Travel,TravelNews,profit,sunset.com,https://www.sunset.com/
subjected,593,Electronics,Appliances,profit,bestbuy.com,https://www.bestbuy.com/
subjected,595,Electronics,Appliances,profit,philips.com,https://www.usa.philips.com/
subjected,596,Electronics,Appliances,profit,panasonic.com,https://na.panasonic.com/us/
subjected,599,Electronics,Appliances,profit,geappliances.com,https://www.geappliances.com/
subjected,600,Electronics,Appliances,profit,hhgregg.com,https://www.hhgregg.com/
subjected,601,Electronics,Appliances,profit,dyson.com,https://www.dyson.com/en
subjected,602,Electronics,Appliances,profit,whirlpool.com,https://www.whirlpool.com/
subjected,606,Electronics,Appliances,profit,irobot.com,https://www.irobot.com/
subjected,607,Electronics,Appliances,profit,delonghi.com,https://www.delonghi.com/en-us
subjected,608,Electronics,Appliances,profit,bissell.com,https://www.bissell.com/
subjected,609,Electronics,Appliances,profit,sharpusa.com,https://www.sharpusa.com/
subjected,611,Electronics,ComputerParts,profit,newegg.com,https://www.newegg.com/
subjected,612,Electronics,ComputerParts,profit,bhphotovideo.com,https://www.bhphotovideo.com/
subjected,613,Electronics,ComputerParts,profit,cdw.com,https://www.cdw.com/
subjected,614,Electronics,ComputerParts,profit,pcconnection.com,https://www.connection.com/
subjected,615,Electronics,ComputerParts,profit,intel.com,https://www.intel.com/content/www/us/en/homepage.html
subjected,616,Electronics,ComputerParts,profit,nvidia.com,https://www.nvidia.com/en-us/
subjected,619,Electronics,ComputerParts,profit,amd.com,https://www.amd.com/en
subjected,620,Electronics,ComputerParts,profit,tigerdirect.com,https://www.tigerdirect.com/
subjected,622,Electronics,ComputerParts,profit,microcenter.com,https://www.microcenter.com/
subjected,623,Electronics,ComputerParts,profit,adorama.com,https://www.adorama.com/
subjected,624,Electronics,ComputerParts,profit,seagate.com,https://www.seagate.com/
subjected,625,Electronics,ComputerParts,profit,acer.com,https://www.acer.com/us-en/
subjected,626,Electronics,ComputerParts,profit,epson.com,https://epson.com/usa
subjected,628,Electronics,ComputerSecuritySoftware,profit,avg.com,https://www.avg.com/en-us/homepage#mac
subjected,630,Electronics,ComputerSecuritySoftware,profit,mcafee.com,https://www.mcafee.com/
subjected,631,Electronics,ComputerSecuritySoftware,profit,avast.com,https://www.avast.com/en-us/index#mac
subjected,633,Electronics,ComputerSecuritySoftware,profit,kaspersky.com,https://usa.kaspersky.com/
subjected,634,Electronics,ComputerSecuritySoftware,profit,iobit.com,https://www.macbooster.net/
subjected,639,Electronics,ComputerSecuritySoftware,profit,malwarebytes.org,https://www.malwarebytes.com/
subjected,642,Electronics,ComputerSecuritySoftware,profit,comodo.com,https://www.comodo.com/
subjected,644,Electronics,ComputerSecuritySoftware,profit,sophos.com,https://www.sophos.com/en-us
subjected,645,Electronics,ComputerSecuritySoftware,profit,trendmicro.com,https://www.trendmicro.com/en_us/business.html
subjected,646,Electronics,SoftwareCompany,profit,microsoft.com,https://www.microsoft.com/en-us/?ql=3
subjected,647,Electronics,SoftwareCompany,profit,adobe.com,https://www.adobe.com/
subjected,648,Electronics,SoftwareCompany,profit,github.com,https://github.com/
subjected,651,Electronics,SoftwareCompany,profit,softonic.com,https://en.softonic.com/
subjected,653,Electronics,SoftwareCompany,profit,mozilla.org,https://www.mozilla.org/en-US/
subjected,654,Electronics,SoftwareCompany,profit,intuit.com,https://www.intuit.com/
subjected,656,Electronics,SoftwareCompany,profit,oracle.com,https://www.oracle.com/
subjected,660,Electronics,SoftwareCompany,profit,evernote.com,https://evernote.com/
subjected,661,Electronics,SoftwareCompany,profit,prezi.com,https://prezi.com/
subjected,670,Electronics,TechReview,profit,digitaltrends.com,https://www.digitaltrends.com/
subjected,672,Electronics,TechReview,profit,wired.com,https://www.wired.com/
subjected,673,Electronics,TechReview,profit,tomsguide.com,https://www.tomsguide.com/
subjected,675,Electronics,TechReview,profit,consumerreports.org,https://www.consumerreports.org/
subjected,683,Apparel,Apparel,profit,nordstrom.com,https://www.nordstrom.com/
subjected,684,Apparel,Apparel,profit,nike.com,https://www.nike.com/
subjected,686,Apparel,Apparel,profit,zappos.com,https://www.zappos.com/
subjected,687,Apparel,Apparel,profit,hm.com,https://www2.hm.com/en_us/index.html
subjected,689,Apparel,Apparel,profit,footlocker.com,https://www.footlocker.com/
subjected,690,Apparel,Apparel,profit,forever21.com,https://www.forever21.com/
subjected,691,Apparel,Apparel,profit,gap.com,https://www.gap.com/
subjected,692,Apparel,Apparel,profit,zara.com,https://www.zara.com/us/en/woman-new-in-l1180.html?v1=2111785&page=8
subjected,694,Apparel,Apparel,profit,urbanoutfitters.com,https://www.urbanoutfitters.com/
subjected,696,Apparel,Apparel,profit,ninewest.com,https://ninewest.com/
subjected,698,Apparel,Apparel,profit,flightclub.com,https://www.flightclub.com/
subjected,699,Apparel,Apparel,profit,llbean.com,https://www.llbean.com/
subjected,700,Apparel,Apparel,profit,ae.com,https://www.ae.com/us/en
subjected,702,Apparel,Apparel,profit,zulily.com,https://www.zulily.com/
subjected,703,Apparel,Accessory,profit,pandora.net,https://us.pandora.net/
subjected,704,Apparel,Accessory,profit,ralphlauren.com,https://www.ralphlauren.com/
subjected,706,Apparel,Accessory,profit,zales.com,https://www.zales.com/
subjected,707,Apparel,Accessory,profit,thenorthface.com,https://www.thenorthface.com/en-us?_sr=1
subjected,708,Apparel,Accessory,profit,kay.com,https://www.kay.com/
subjected,709,Apparel,Accessory,profit,fossil.com,https://www.fossil.com/en-us/
subjected,711,Apparel,Accessory,profit,helzberg.com,https://www.helzberg.com/
subjected,712,Apparel,Accessory,profit,bluenile.com,https://www.bluenile.com/
subjected,713,Apparel,Accessory,profit,swarovski.com,https://www.swarovski.com/en-US/
subjected,715,Apparel,Accessory,profit,katespade.com,https://www.katespade.com/
subjected,716,Apparel,Accessory,profit,ashford.com,https://www.ashford.com/
subjected,717,Apparel,Accessory,profit,coach.com,https://www.coach.com/
subjected,719,Apparel,Accessory,profit,tiffany.com,https://www.tiffany.com/
subjected,721,Apparel,Lingerie,profit,victoriassecret.com,https://www.victoriassecret.com/us/
subjected,722,Apparel,Lingerie,profit,yandy.com,https://www.yandy.com/
subjected,723,Apparel,Lingerie,profit,venus.com,https://www.venus.com/
subjected,726,Apparel,Lingerie,profit,soma.com,https://www.soma.com/store/
subjected,730,Apparel,Lingerie,profit,lasenza.com,https://www.lasenza.com/
subjected,738,Apparel,MenClothing,profit,josbank,https://www.josbank.com/?utm_source=&account_id=582&brand=JAB&source=google&campaign=647557330&campaign_type=Brand&adgroup_id=132061103017&keyword=kwd-501326182752&ad_id=619412024628&match_type=e&channel=SEM&utm_id=go_cmp-647557330_adg-132061103017_ad-619412024628_kwd-501326182752_dev-c_ext-_prd-_mca-_sig-CjwKCAjwh4ObBhAzEiwAHzZYU9Kl1sBYAYwoN_GfPdktdbIO2sP4fIx4-VWMlGG28eeIY8WhZ9zBYhoCcTMQAvD_BwE&gclid=CjwKCAjwh4ObBhAzEiwAHzZYU9Kl1sBYAYwoN_GfPdktdbIO2sP4fIx4-VWMlGG28eeIY8WhZ9zBYhoCcTMQAvD_BwE
subjected,739,Apparel,MenClothing,profit,menswearhouse.com,https://www.menswearhouse.com/
subjected,740,Apparel,MenClothing,profit,jackthreads.com,https://www.jackthreads.com/
subjected,741,Apparel,MenClothing,profit,eastdane.com,https://www.shopbop.com/men?wasEastdane=true&
subjected,742,Apparel,MenClothing,profit,destinationxl.com,https://www.dxl.com/
subjected,744,Apparel,MenClothing,profit,karmaloop.com,https://www.karmaloop.com/
subjected,749,Apparel,MenClothing,profit,frankandoak.com,https://www.frankandoak.com/?
subjected,750,Apparel,MenClothing,profit,kennethcole.com,https://www.kennethcole.com/
subjected,751,Apparel,MenClothing,profit,mrporter.com,https://www.mrporter.com/en-us/
subjected,752,Apparel,MenClothing,profit,johnvarvatos.com,https://www.johnvarvatos.com/
subjected,755,Apparel,MenClothing,profit,haggar.com,https://www.haggar.com/
subjected,757,Apparel,Shoe,profit,sorel.com,https://www.sorel.com/
subjected,758,Apparel,Shoe,profit,underarmour.com,https://www.underarmour.com/en-us/
subjected,759,Apparel,Shoe,profit,dsw.com,https://www.dsw.com/
subjected,760,Apparel,Shoe,profit,prana.com,https://www.prana.com/
subjected,761,Apparel,Shoe,profit,finishline.com,https://www.finishline.com/
subjected,762,Apparel,Shoe,profit,famousfootwear.com,https://www.famousfootwear.com/
subjected,763,Apparel,Shoe,profit,vans.com,https://www.vans.com/en-us
subjected,765,Apparel,Shoe,profit,payless.com,https://www.payless.com/
subjected,766,Apparel,Shoe,profit,colehaan.com,https://www.colehaan.com/
subjected,767,Apparel,Shoe,profit,journeys.com,https://www.journeys.com/
subjected,768,Apparel,Sunglasses,profit,ray-ban.com,https://www.ray-ban.com/usa
subjected,769,Apparel,Sunglasses,profit,sunglasshut.com,https://www.sunglasshut.com/
subjected,771,Apparel,Sunglasses,profit,oakley.com,https://www.oakley.com/en-us
subjected,772,Apparel,Sunglasses,profit,eyebuydirect.com,https://www.eyebuydirect.com/
subjected,773,Apparel,Sunglasses,profit,prada.com,https://www.prada.com/us/en.html
subjected,776,Apparel,Sunglasses,profit,luxottica.com,https://www.luxottica.com/en
subjected,777,Apparel,Sunglasses,profit,smartbuyglasses.com,https://www.smartbuyglasses.com/
subjected,780,Automative,Aviation,profit,flightaware.com,https://flightaware.com/
subjected,783,Automative,Aviation,profit,boeing.com,https://www.boeing.com/
subjected,791,Automative,CarBuying,profit,edmunds.com,https://www.edmunds.com/
subjected,792,Automative,CarBuying,profit,cargurus.com,https://www.cargurus.com/
subjected,793,Automative,CarBuying,profit,autotrader.com,https://www.autotrader.com/
subjected,794,Automative,CarBuying,profit,caranddriver.com,https://www.caranddriver.com/
subjected,795,Automative,CarBuying,profit,cars.com,https://www.cars.com/
subjected,796,Automative,CarBuying,profit,carmax.com,https://www.carmax.com/
subjected,797,Automative,CarBuying,profit,carsforsale.com,https://www.carsforsale.com/
subjected,798,Automative,CarBuying,profit,"truecar.com",https://www.truecar.com/
subjected,799,Automative,CarBuying,profit,carfax.com,https://www.carfax.com/
subjected,804,Automative,CarBuying,profit,autobytel.com,https://www.autobytel.com/
subjected,805,Automative,CarBuying,profit,rvtrader.com,https://www.rvtrader.com/
subjected,806,Automative,CarBuying,profit,copart.com,https://www.copart.com/
subjected,808,Automative,CarBrands,profit,ford.com,https://www.ford.com/
subjected,809,Automative,CarBrands,profit,honda.com,http://www.honda.com/
subjected,810,Automative,CarBrands,profit,chevrolet.com,https://www.chevrolet.com/
subjected,811,Automative,CarBrands,profit,toyota.com,https://www.toyota.com/
subjected,812,Automative,CarBrands,profit,nissanusa.com,https://www.nissanusa.com/
subjected,813,Automative,CarBrands,profit,mbusa.com,https://www.mbusa.com/en/home
subjected,814,Automative,CarBrands,profit,jeep.com,https://www.jeep.com/
subjected,816,Automative,CarBrands,profit,bmwusa.com,https://www.bmwusa.com/
subjected,817,Automative,CarBrands,profit,gm.com,https://www.gm.com/
subjected,818,Automative,CarBrands,profit,hyundaiusa.com,https://www.hyundaiusa.com/us/en
subjected,819,Automative,CarBrands,profit,lexus.com,https://www.lexus.com/
subjected,820,Automative,CarBrands,profit,audiusa.com,https://www.audiusa.com/us/web/en.html
subjected,821,Automative,CarBrands,profit,porsche.com,https://www.porsche.com/usa/
subjected,823,Automative,CarBrands,profit,subaru.com,https://www.subaru.com/index.html
subjected,824,Automative,CarBrands,profit,vw.com,https://www.vw.com/en.html
subjected,825,Automative,CarBrands,profit,mazdausa.com,https://www.mazdausa.com/
subjected,828,Automative,Motorcycle,profit,harley-davidson.com,https://www.harley-davidson.com/us/en/index.html
subjected,831,Automative,Motorcycle,profit,revzilla.com,https://www.revzilla.com/
subjected,834,Automative,BuyaBoat,profit,boattrader.com,https://www.boattrader.com/
subjected,835,Automative,BuyaBoat,profit,pursuitboats.com,https://www.pursuitboats.com/
subjected,837,Automative,BuyaBoat,profit,westmarine.com,https://www.westmarine.com/
subjected,838,Beauty,Beauty,profit,ulta.com,https://www.ulta.com/
subjected,839,Beauty,Beauty,profit,sephora.com,https://www.sephora.com/
subjected,842,Beauty,Beauty,profit,self.com,https://www.self.com/
subjected,844,Beauty,Beauty,profit,maccosmetics.com,https://www.maccosmetics.com/
subjected,846,Beauty,Beauty,profit,avon.com,https://www.avon.com/
subjected,847,Beauty,Beauty,profit,gilt.com,https://www.gilt.com/boutique/
subjected,848,Beauty,Beauty,profit,toryburch.com,https://www.toryburch.com/en-us/
subjected,850,Beauty,Beauty,profit,greatclips.com,https://www.greatclips.com/
subjected,854,Beauty,Beauty,profit,birchbox.com,https://www.birchbox.com/
subjected,855,Beauty,Beauty,profit,ipsy.com,https://www.ipsy.com/
subjected,857,Beauty,Fashion,profit,refinery29.com,https://www.refinery29.com/en-us
subjected,865,Beauty,Fashion,profit,instyle.com,https://www.instyle.com/
subjected,866,Beauty,Fashion,profit,harpersbazaar.com,https://www.harpersbazaar.com/
subjected,869,Beauty,Fashion,profit,seventeen.com,https://www.seventeen.com/
subjected,875,Beauty,Fashion,profit,hypebeast.com,https://hypebeast.com/
subjected,879,CareerEducation,Educational,profit,khanacademy.org,https://www.khanacademy.org/
subjected,883,CareerEducation,Educational,profit,study.com,https://study.com/
subjected,884,CareerEducation,Educational,profit,shmoop.com,https://www.shmoop.com/
subjected,885,CareerEducation,Educational,profit,"udemy.com",https://www.udemy.com/
subjected,886,CareerEducation,Educational,profit,coursera.org,https://www.coursera.org/
subjected,887,CareerEducation,Educational,profit,ted.com,https://www.ted.com/
subjected,890,CareerEducation,Educational,profit,collegeboard.org,https://www.collegeboard.org/
subjected,895,CareerEducation,Educational,profit,mheducation.com,https://www.mheducation.com/
subjected,897,CareerEducation,Freelance,profit,fiverr.com,https://www.fiverr.com/
subjected,898,CareerEducation,Freelance,profit,behance.net,https://www.behance.net/
subjected,899,CareerEducation,Freelance,profit,upwork.com,https://www.behance.net/
subjected,904,CareerEducation,Freelance,profit,dice.com,https://www.dice.com/
subjected,906,CareerEducation,Freelance,profit,toptal.com,https://www.toptal.com/
subjected,917,CareerEducation,JobSearch,profit,linkedin.com,https://www.linkedin.com/feed/
subjected,918,CareerEducation,JobSearch,profit,indeed.com,https://www.indeed.com/
subjected,919,CareerEducation,JobSearch,profit,glassdoor.com,https://www.glassdoor.com/index.htm
subjected,921,CareerEducation,JobSearch,profit,monster.com,https://www.monster.com/
subjected,924,CareerEducation,JobSearch,profit,snagajob.com,https://www.snagajob.com/
subjected,925,CareerEducation,JobSearch,profit,careerbuilder.com,https://www.careerbuilder.com/
subjected,926,CareerEducation,JobSearch,profit,salary.com,https://www.salary.com/
subjected,927,CareerEducation,JobSearch,profit,payscale.com,https://www.payscale.com/
subjected,928,CareerEducation,JobSearch,profit,angel.co,https://angel.co/
subjected,931,CareerEducation,JobSearch,profit,usajobs.gov,https://www.usajobs.gov/
subjected,932,CareerEducation,JobSearch,profit,ziprecruiter.com,https://www.ziprecruiter.com/
subjected,939,CareerEducation,OnlineLearning,profit,udemy.com,https://www.udemy.com/
subjected,942,CareerEducation,OnlineLearning,profit,edx.org,https://www.edx.org/
subjected,946,CareerEducation,OnlineLearning,profit,udacity.com,https://www.udacity.com/
subjected,949,CareerEducation,OnlineLearning,profit,brainpop.com,https://www.brainpop.com/
subjected,952,CareerEducation,OnlineLearning,profit,pluralsight.com,https://www.pluralsight.com/
subjected,955,CareerEducation,OnlineLearning,profit,k12.com,https://www.k12.com/
subjected,956,Entertainment,Entertainment,profit,youtube.com,https://www.youtube.com/
subjected,957,Entertainment,Entertainment,profit,imdb.com,https://www.imdb.com/
subjected,958,Entertainment,Entertainment,profit,cnn.com,https://www.cnn.com/
subjected,959,Entertainment,Entertainment,profit,netflix.com,https://www.netflix.com/
subjected,960,Entertainment,Entertainment,profit,weather.com,https://weather.com/
subjected,961,Entertainment,Entertainment,profit,twitch.tv,https://www.twitch.tv/
subjected,964,Entertainment,Entertainment,profit,etsy.com,https://www.etsy.com/
subjected,966,Entertainment,Entertainment,profit,foxnews.com,https://www.foxnews.com/
subjected,967,Entertainment,Entertainment,profit,vimeo.com,https://vimeo.com/
subjected,970,Entertainment,Entertainment,profit,dailymotion.com,https://www.dailymotion.com/us
subjected,972,Entertainment,Entertainment,profit,foxsports.com,https://www.foxsports.com/
subjected,974,Entertainment,Entertainment,profit,pandora.com,https://www.pandora.com/
subjected,984,Entertainment,Music,profit,tunein.com,https://tunein.com/
subjected,987,Entertainment,TicketBrokers,profit,ticketmaster.com,https://www.ticketmaster.com/
subjected,988,Entertainment,TicketBrokers,profit,eventbrite.com,https://www.eventbrite.com/
subjected,989,Entertainment,TicketBrokers,profit,amctheatres.com,https://www.amctheatres.com/
subjected,990,Entertainment,TicketBrokers,profit,stubhub.com,https://www.stubhub.com/
subjected,991,Entertainment,TicketBrokers,profit,cinemark.com,https://www.cinemark.com/
subjected,992,Entertainment,TicketBrokers,profit,songkick.com,https://www.songkick.com/
subjected,993,Entertainment,TicketBrokers,profit,livenation.com,https://www.livenation.com/
subjected,994,Entertainment,TicketBrokers,profit,vividseats.com,https://www.vividseats.com/
subjected,997,Entertainment,TicketBrokers,profit,seatgeek.com,https://seatgeek.com/
subjected,1000,Entertainment,TicketBrokers,profit,goldstar.com,https://www.goldstar.com/
subjected,1001,Entertainment,TicketBrokers,profit,ticketcity.com,https://www.ticketcity.com/
subjected,1002,Entertainment,TicketBrokers,profit,theatermania.com,https://www.theatermania.com/
subjected,1003,Entertainment,TicketBrokers,profit,etix.com,https://www.etix.com/ticket/online/?
subjected,1005,Entertainment,StockPhoto,profit,shutterstock.com,https://www.shutterstock.com/
subjected,1007,Entertainment,StockPhoto,profit,gettyimages.com,https://www.gettyimages.com/
subjected,1012,Entertainment,StockPhoto,profit,depositphotos.com,https://depositphotos.com/
subjected,1016,Finance,BusinessNews,profit,businessinsider.com,https://www.businessinsider.com/
subjected,1018,Finance,BusinessNews,profit,bloomberg.com,https://www.bloomberg.com/
subjected,1019,Finance,BusinessNews,profit,reuters.com,https://www.reuters.com/
subjected,1020,Finance,BusinessNews,profit,finance.yahoo.com,https://finance.yahoo.com/?guccounter=1
subjected,1021,Finance,BusinessNews,profit,money.cnn.com,https://www.cnn.com/business
subjected,1022,Finance,BusinessNews,profit,cnbc.com,https://www.cnbc.com/
subjected,1025,Finance,BusinessNews,profit,bizjournals.com,https://www.bizjournals.com/
subjected,1026,Finance,BusinessNews,profit,seekingalpha.com,https://seekingalpha.com/
subjected,1027,Finance,BusinessNews,profit,fortune.com,https://fortune.com/
subjected,1029,Finance,BusinessNews,profit,economist.com,https://www.economist.com/
subjected,1030,Finance,BusinessNews,profit,ft.com,https://www.ft.com/
subjected,1031,Finance,BusinessNews,profit,fastcompany.com,https://www.fastcompany.com/
subjected,1032,Finance,BusinessNews,profit,foxbusiness.com,https://www.foxbusiness.com/
subjected,1033,Finance,BusinessNews,profit,thestreet.com,http://hestreet.com/
subjected,1037,Finance,Bank,profit,bankofamerica.com,https://www.bankofamerica.com/
subjected,1038,Finance,Bank,profit,americanexpress.com,https://www.americanexpress.com/
subjected,1039,Finance,Bank,profit,capitalone.com,https://www.capitalone.com/
subjected,1040,Finance,Bank,profit,hdfcbank.com,https://www.hdfcbank.com/
subjected,1041,Finance,Bank,profit,citi.com,https://www.citi.com/
subjected,1042,Finance,Bank,profit,icicibank.com,https://www.icicibank.com/
subjected,1043,Finance,Bank,profit,usaa.com,https://www.usaa.com/
subjected,1044,Finance,Bank,profit,discover.com,https://www.discover.com/
subjected,1045,Finance,Bank,profit,usbank.com,https://www.usbank.com/index.html
subjected,1046,Finance,Bank,profit,citibankonline.com,https://www.citi.com/
subjected,1047,Finance,Bank,profit,pnc.com,https://www.pnc.com/en/personal-banking.html
subjected,1048,Finance,Bank,profit,capitalone360.com,https://www.capitalone.com/bank/
subjected,1049,Finance,Bank,profit,schwab.com,https://www.schwab.com/
subjected,1050,Finance,Bank,profit,tdbank.com,https://www.td.com/us/en/personal-banking
subjected,1051,Finance,Finance,profit,paypal.com,https://www.paypal.com/us/home
subjected,1052,Finance,Finance,profit,hrblock.com,https://www.hrblock.com/
subjected,1053,Finance,Finance,profit,chase.com,https://www.chase.com/
subjected,1054,Finance,Finance,profit,forbes.com,https://www.forbes.com/?sh=112eecaf2254
subjected,1055,Finance,Finance,profit,wellsfargo.com,https://www.wellsfargo.com/
subjected,1059,Finance,Finance,profit,libertymutual.com,https://www.libertymutual.com/
subjected,1060,Finance,Finance,profit,fidelity.com,https://www.fidelity.com/
subjected,1061,Finance,Insurance,profit,https://www.libertymutual.com/,https://www.libertymutual.com/
subjected,1063,Finance,Insurance,profit,statefarm.com,https://www.statefarm.com/
subjected,1065,Finance,Insurance,profit,aaa.com,https://member.acg.aaa.com/il.html
subjected,1066,Finance,Insurance,profit,progressive.com,https://www.progressive.com/
subjected,1068,Finance,Insurance,profit,aetna.com,https://www.aetna.com/
subjected,1070,Finance,Insurance,profit,allstate.com,https://www.allstate.com/
subjected,1071,Finance,Insurance,profit,cigna.com,https://www.cigna.com/
subjected,1073,Finance,Insurance,profit,uhc.com,https://www.uhc.com/
subjected,1079,Finance,Insurance,profit,ehealthinsurance.com,https://www.ehealthinsurance.com/
subjected,1082,Finance,Scholarship,profit,mygreatlakes.org,https://mygreatlakes.org/
subjected,1086,Finance,Scholarship,profit,salliemae.com,https://www.salliemae.com/
subjected,1087,Finance,Scholarship,profit,fastweb.com,https://www.fastweb.com/
subjected,1089,FoodBeverage,Food Websites,profit,allrecipes.com,https://www.allrecipes.com/
"subjected, location",10,FoodBeverage,Food,profit,cookpad.com,https://cookpad.com/us?via=jp
"subjected, location",27,FoodBeverage,OnlineGroceryShopping,profit,asda.com,https://www.asda.com/
"subjected, location",33,FoodBeverage,OnlineGroceryShopping,profit,ocado.com,https://www.ocado.com/webshop/startWebshop.do
"subjected, location",45,Gambling,Gambling,profit,bet365.com,https://www.nj.bet365.com/?_h=fKLugCH5idsD_yZ-Lq4vdA%3D%3D#/HO/
"subjected, location",47,Gambling,Gambling,profit,bet9ja.com,https://www.bet9ja.com/
"subjected, location",48,Gambling,Gambling,profit,bet-at-home.com,https://www.bet-at-home.com/
"subjected, location",75,HealthFitness,OnlinePharmacies,profit,drugs.com,https://www.drugs.com/
"subjected, location",84,HealthFitness,OnlinePharmacies,profit,mims.com,https://www.mims.com/
"subjected, location",97,HomeGarden,BuyArtOnline,profit,redbubble.com,https://www.redbubble.com/
"subjected, location",105,HomeGarden,Furniture,profit,ikea.com,https://www.ikea.com/
"subjected, location",181,News Media,Newspapers,profit,independent.co.uk,https://www.independent.co.uk/us
"subjected, location",183,News Media,Newspapers,profit,telegraph.co.uk,https://www.telegraph.co.uk/
"subjected, location",226,Publishing,Book,profit,wattpad.com,https://www.wattpad.com/
"subjected, location",252,Publishing,Ebook,profit,kobo.com,https://www.kobo.com/
"subjected, location",256,Publishing,Textbook,profit,elsevier.com,https://www.elsevier.com/
"subjected, location",284,Retail,Classifieds,profit,gumtree.com,https://www.gumtree.com/
"subjected, location",286,Retail,Classifieds,profit,sulekha.com,https://us.sulekha.com/
"subjected, location",297,Retail,Coupon,profit,snapdeal.com,https://www.snapdeal.com/
"subjected, location",324,Retail,ComparisonShoping,profit,comparethemarket.com,https://www.comparethemarket.com/
"subjected, location",326,Retail,ComparisonShoping,profit,kelkoo.co.uk,https://www.kelkoo.co.uk/
"subjected, location",402,ScienceMath,Biology,profit,biomedcentral.com,https://www.biomedcentral.com/
"subjected, location",419,ScienceMath,Chemistry,profit,rsc.org,https://www.rsc.org/
"subjected, location",455,ScienceMath,Engineering,profit,esa.int,https://www.esa.int/
"subjected, location",476,ScienceMath,Math,profit,symbolab.com,https://www.symbolab.com/
"subjected, location",494,Sports,Runners,profit,runtastic.com,https://www.runtastic.com/
"subjected, location",515,Telecommunication,CDNProviders,profit,cdnetworks.com,https://www.cdnetworks.com/
"subjected, location",529,Telecommunication,WebsiteBuilders,profit,wix.com,https://www.wix.com/
"subjected, location",531,Telecommunication,WebsiteBuilders,profit,jimdo.com,https://www.jimdo.com/
"subjected, location",541,Travel,Airline,profit,ryanair.com,https://www.ryanair.com/us/en
"subjected, location",543,Travel,Airline,profit,airasia.com,https://www.airasia.com/en/gb
"subjected, location",545,Travel,Airline,profit,emirates.com,https://www.emirates.com/us/english/
"subjected, location",549,Travel,Airline,profit,turkishairlines.com,https://www.turkishairlines.com/
"subjected, location",562,Travel,Airfare,profit,yatra.com,https://www.yatra.com/
"subjected, location",563,Travel,Airfare,profit,wizzair.com,https://wizzair.com/
"subjected, location",567,Travel,HotelBooking,profit,booking.com,https://www.booking.com/
"subjected, location",574,Travel,HotelBooking,profit,agoda.com,https://www.agoda.com/
"subjected, location",580,Travel,TravelNews,profit,timeout.com,https://www.timeout.com/
"subjected, location",594,Electronics,Appliances,profit,lg.com,https://www.lg.com/us
"subjected, location",597,Electronics,Appliances,profit,samsung.com,https://www.samsung.com/us/
"subjected, location",618,Electronics,ComputerParts,profit,logitech.com,https://www.logitech.com/
"subjected, location",635,Electronics,ComputerSecuritySoftware,profit,eset.com,https://www.eset.com/us/
"subjected, location",636,Electronics,ComputerSecuritySoftware,profit,avira.com,https://www.avira.com/
"subjected, location",641,Electronics,ComputerSecuritySoftware,profit,bitdefender.com,https://www.bitdefender.com/
"subjected, location",685,Apparel,Apparel,profit,asos.com,https://www.asos.com/
"subjected, location",701,Apparel,Apparel,profit,myntra.com,https://www.myntra.com/
"subjected, location",705,Apparel,Accessory,profit,louisvuitton.com,https://www.louisvuitton.com/dispatch
"subjected, location",714,Apparel,Accessory,profit,gucci.com,https://www.gucci.com/us/en/
"subjected, location",728,Apparel,Lingerie,profit,zivame.com,https://www.zivame.com/
"subjected, location",736,Apparel,Lingerie,profit,bravissimo.com,https://www.bravissimo.com/
"subjected, location",789,Automative,Aviation,profit,airbus.com,https://www.airbus.com/en
"subjected, location",815,Automative,CarBrands,profit,kia.com,https://www.kia.com/us/en
"subjected, location",826,Automative,CarBrands,profit,volvocars.com,https://www.volvocars.com/us/
"subjected, location",852,Beauty,Beauty,profit,lushusa.com,https://www.lushusa.com/
"subjected, location",873,Beauty,Fashion,profit,highsnobiety.com,https://www.highsnobiety.com/
"subjected, location",882,CareerEducation,Educational,profit,researchgate.net,https://www.researchgate.net/
"subjected, location",901,CareerEducation,Freelance,profit,freelancer.com,https://www.freelancer.com/
"subjected, location",962,Entertainment,Entertainment,profit,bbc.com,https://www.bbc.com/
"subjected, location",963,Entertainment,Entertainment,profit,soundcloud.com,https://soundcloud.com/
"subjected, location",969,Entertainment,Entertainment,profit,spotify.com,https://open.spotify.com/
"subjected, location",983,Entertainment,Music,profit,deezer.com,https://www.deezer.com/us/
"subjected, location",995,Entertainment,TicketBrokers,profit,skiddle.com,https://www.skiddle.com/
"subjected, location",996,Entertainment,TicketBrokers,profit,residentadvisor.net,https://ra.co/
"subjected,location",1009,Entertainment,StockPhoto,profit,istockphoto.com,https://www.istockphoto.com/
unknown,72,HealthFitness,Medical,profit,patient.info,https://patient.info/
unknown,133,Leisure,Craft,profit,makezine.com,https://makezine.com/
unknown,143,News Media,Conservative,profit,conservativetribune.com,https://www.westernjournal.com/commentary/?utm_source=redirect
unknown,147,News Media,Conservative,profit,rare.us,https://rare.us/page/7/
unknown,155,News Media,Conservative,profit,lifenews.com,https://www.lifenews.com/
unknown,216,PetsAnimals,Pet,profit,yourpurebredpuppy.com,https://www.yourpurebredpuppy.com/
unknown,279,Reference,BusinessListing,profit,local.com,https://www.local.com/
unknown,280,Reference,BusinessListing,profit,addresses.com,https://www.addresses.com/
unknown,302,Retail,Coupon,profit,getitfree.us,https://getitfree.us/
unknown,309,Retail,Coupon,profit,shopathome.com,https://www.tada.com/
unknown,325,Retail,ComparisonShoping,profit,findsimilar.com,https://findsimilar.com/
unknown,327,Retail,ComparisonShoping,profit,octopart.com,https://octopart.com/
unknown,369,Retail,DepartmentStores,profit,jabong.com,https://www.myntra.com/myntra-fashion-store
unknown,392,ScienceMath,Astrology,profit,hubblesite.org,https://hubblesite.org/
unknown,397,ScienceMath,Astrology,profit,futurescopes.com,https://futurescopes.com/
unknown,417,ScienceMath,Chemistry,profit,epa.gov,https://www.epa.gov/
unknown,421,ScienceMath,Chemistry,profit,chemguide.co.uk,https://www.webqc.org/
unknown,454,ScienceMath,Engineering,profit,brightspace.com,https://www.d2l.com/
unknown,464,ScienceMath,Math,profit,mathforum.org,https://www.nctm.org/classroomresources/
unknown,475,ScienceMath,Math,profit,gcflearnfree.org,https://edu.gcfglobal.org/en/
unknown,484,Sports,Basketbal,profit,basketball.realgm.com,https://basketball.realgm.com/
unknown,487,Sports,Football,profit,profootballtalk.nbcsports.com,https://profootballtalk.nbcsports.com/
unknown,518,Telecommunication,FreeEmailService,profit,live.com,https://outlook.live.com/owa/
unknown,697,Apparel,Apparel,profit,polyvore.com,https://www.ssense.com/?utm_source=polyvore.com&utm_medium=redirect&utm_campaign=301_Redirect
unknown,782,Automative,Aviation,profit,ww2aircraft.net,https://ww2aircraft.net/forum/
unknown,787,Automative,Aviation,profit,vansairforce.net,https://vansairforce.net/
unknown,945,CareerEducation,OnlineLearning,profit,code.org,https://code.org/
unknown,1004,Entertainment,TicketBrokers,profit,digitick.com,https://www.seetickets.com/fr/
unknown,1011,Entertainment,StockPhoto,profit,all-free-download.com,https://all-free-download.com/
unknown,1072,Finance,Insurance,profit,anthem.com,https://www.anthem.com/
unknown,1076,Finance,Insurance,profit,hcsc.net,https://www.hcsc.com/
unknown,1077,Finance,Insurance,profit,comparisons.org,https://comparisons.org/